student_id,exam_score,study_hours_week,attendance_pct,projects_completed,stress_index,family_income_eur,platform_click_rate,ambient_noise_level,study_environment_noise,avg_sleep_hours,zone_id,target_class
SA0522,54.01,6.07,62.64,4,68.58,25033.17,0.6814,-0.2373,73.09,7.43,3587,A
SB0138,84.4,5.35,72.39,2,49.3,21239.74,,0.273,47.05,7.57,6257,B
SB0141,63.11,13.88,91.23,4,50.46,31109.32,0.1806,-0.9052,53.53,7.44,2542,B
SB0061,81.38,4.37,80.17,4,55.02,22162.25,0.2722,0.1481,46.31,7.77,9781,B
SA0412,54.41,8.32,77.91,0,,17399.45,0.1576,-1.9289,61.97,8.21,5335,A
SB0079,86.45,12.36,86.78,2,62.66,28781.27,,1.0064,57.51,7.66,2303,B
SB0027,61.93,9.87,78.05,6,52.14,29183.21,0.3197,1.1529,45.48,6.92,2044,B
SA0514,58.55,2.08,74.96,1,66.84,16759.51,0.4867,-0.8053,65.72,6.91,5675,A
SB0260,75.94,7.44,85.59,2,54.96,34156.14,0.692,-0.7521,51.58,7.56,3275,B
SA0137,64.6,8.65,75.47,4,55.39,20871.29,0.814,0.4518,62.52,5.96,5944,A
SB0212,72.93,9.04,86.06,3,48.61,31095.69,0.4363,0.0666,49.14,8.9,7420,B
SA0077,53.5,4.55,82.3,4,70.46,15980.34,0.344,-0.4396,58.54,5.12,9609,A
SB0037,72.11,10.99,74.75,2,68.66,22151.78,0.4679,-0.0647,48.7,6.57,5019,B
SC0074,79.03,13.11,86.51,3,48.11,26461.19,0.6839,-0.0865,57.4,7.16,9686,C
SC0039,86.55,13.69,,9,43.91,35676.47,0.5995,-1.0678,51.03,8.49,9649,C
SB0300,74.74,14.39,95.63,3,49.85,15175.05,0.5741,1.9283,59.92,6.27,4800,B
SA0281,45.61,4.62,78.12,3,89.73,9158.77,0.05,0.5991,58.9,4.24,2198,A
SB0284,81.65,10.37,84.76,6,50.57,18484.39,0.7822,1.3641,36.77,5.98,6878,B
SB0162,68.77,13.62,95.89,4,46.51,18617.03,0.2448,0.6992,61.17,8.17,9003,B
SA0320,63.82,5.79,66.6,0,58.96,16102.17,0.891,0.8973,74.19,3.84,7936,A
SA0550,46.3,6.64,79.49,3,50.02,15459.93,0.4782,2.6592,67.5,7.31,4830,A
SA0175,67.0,4.71,74.63,1,66.08,17129.42,0.393,1.0263,69.01,5.76,9365,A
SA0372,59.92,7.58,69.32,5,75.79,21766.04,0.8851,-1.1281,83.82,5.57,4639,A
SA0528,44.01,4.85,74.89,1,61.98,19078.17,0.1745,1.4703,74.69,5.94,1475,A
SA0211,81.66,6.28,75.79,1,67.42,23481.98,0.3863,-1.1849,67.53,6.59,1675,A
SA0236,59.79,5.55,87.96,4,61.18,20675.18,0.6905,0.5696,46.32,6.23,4495,A
SA0102,72.92,4.24,68.31,1,78.29,18152.06,0.3355,1.0611,65.79,5.27,5580,A
SC0087,92.21,17.24,,7,36.9,35897.54,0.062,0.1535,41.38,8.68,7266,C
SC0003,84.57,16.29,85.34,10,33.3,33625.34,0.7561,-0.8358,60.21,8.52,7181,C
SC0048,98.4,12.61,100.0,8,40.13,36495.44,,-0.0969,37.04,7.13,8235,C
SA0347,56.6,6.92,68.46,3,53.57,24484.14,0.598,0.1711,54.61,7.24,2078,A
SA0140,56.17,7.99,59.92,2,51.2,14085.63,0.6747,0.458,76.07,7.14,8638,A
SB0022,69.58,9.45,69.29,1,59.66,,0.3706,-1.3533,40.71,7.56,6281,B
SA0500,49.79,7.51,71.98,1,78.64,18599.56,0.7857,-0.3788,66.79,4.88,2116,A
SA0371,28.32,4.81,72.71,1,69.61,12720.26,0.6539,0.7651,48.47,5.76,9048,A
SA0199,62.17,7.67,71.27,4,61.4,18243.52,0.3157,0.1534,,8.62,8726,A
SB0088,64.65,12.98,80.97,3,,19018.04,0.3891,-0.8832,52.26,7.5,8897,B
SA0585,68.64,6.6,84.99,2,86.62,20786.27,0.2668,-0.5784,83.08,5.28,1286,A
SC0002,83.6,13.13,94.96,8,39.4,31280.0,0.3219,-1.3922,27.93,7.48,5288,C
SA0060,66.86,8.0,70.96,3,53.25,19108.63,0.6399,1.8914,72.21,4.78,1429,A
SA0329,61.69,4.1,55.31,1,58.1,21729.89,0.0263,0.564,81.02,8.08,2466,A
SA0097,55.27,4.45,78.77,0,88.3,10548.76,0.6489,1.2793,66.15,7.44,2551,A
SA0313,73.85,,79.38,1,72.06,7685.18,0.0852,0.6919,88.5,6.46,6732,A
SC0075,77.75,14.71,86.5,6,43.72,26151.64,0.5155,-0.1033,42.56,,1635,C
SA0300,48.77,6.78,69.41,1,64.78,17760.51,0.2621,2.3456,68.94,5.53,3701,A
SA0278,40.38,6.02,75.04,5,65.29,20588.27,0.6368,0.5344,72.16,5.35,4302,A
SC0025,99.41,14.55,96.44,10,54.85,36779.76,0.3896,0.5898,30.62,7.42,2148,C
SB0002,55.93,8.84,78.36,6,54.79,28521.17,0.3402,-0.3288,35.8,7.02,3120,B
SA0440,55.37,8.11,65.01,0,52.73,20090.39,,-0.9964,68.88,7.66,8208,A
SB0238,68.41,,78.24,3,53.56,24855.62,0.5785,2.3617,57.75,6.7,7732,B
SA0571,60.2,6.4,64.76,3,63.98,23126.33,0.2832,-1.0117,77.24,6.73,8626,A
SB0280,73.65,9.53,87.82,4,53.1,21828.83,0.7147,0.4558,57.91,8.12,6242,B
SA0262,53.8,3.75,56.56,2,67.48,29882.43,0.3802,-0.6678,64.04,4.8,6542,A
SA0579,61.8,5.15,54.29,0,84.18,20519.84,0.275,0.9987,86.76,6.32,2712,A
SA0024,68.14,,59.53,4,57.13,22285.32,0.6172,2.5132,,4.57,4161,A
SA0031,54.74,5.26,73.68,1,87.12,,0.7353,-1.407,79.97,4.96,7603,A
SB0018,73.65,12.59,84.72,6,61.4,23018.87,0.8618,-0.0269,61.31,6.6,5950,B
SA0011,58.87,5.61,78.15,1,46.89,,0.7488,1.8609,75.68,4.12,6623,A
SA0222,53.88,,71.61,5,77.37,21604.89,0.5081,-1.3731,79.9,5.76,3144,A
SB0221,74.83,10.99,82.38,7,66.46,24205.17,0.1086,-0.9419,43.4,,9851,B
SA0297,62.53,7.34,71.5,3,87.41,21893.66,0.5965,-0.8842,71.32,5.99,9661,A
SA0055,53.67,7.24,81.86,3,64.46,18167.04,0.606,0.6457,77.1,6.12,7437,A
SA0543,58.31,7.58,65.75,3,,16259.7,0.9392,-0.1706,68.53,4.91,9882,A
SA0210,68.17,5.37,61.75,1,51.38,15319.35,0.2506,0.4531,73.06,7.06,6628,A
SB0005,59.8,10.01,78.56,3,48.67,27256.61,0.7716,-1.4196,75.97,7.73,5392,B
SB0093,73.24,9.4,84.14,4,43.72,27837.8,0.6689,0.2537,60.35,7.84,9456,B
SB0063,77.52,10.39,89.95,1,57.81,23989.46,0.9247,0.5202,51.28,7.62,8868,B
SB0267,72.53,9.59,83.24,4,43.58,,0.2463,0.303,61.05,8.7,4697,B
SA0071,56.1,4.76,83.01,0,53.38,12273.93,0.3744,-1.161,68.39,5.41,2077,A
SA0544,59.25,3.91,71.54,0,89.53,17451.81,0.834,-0.7077,77.25,5.24,8243,A
SA0108,78.39,5.94,75.28,4,41.6,13513.74,0.5249,0.3941,64.69,6.99,9709,A
SA0494,53.64,7.02,69.18,0,66.09,,0.2013,-0.4728,54.15,6.58,9390,A
SA0591,68.28,5.88,73.47,3,74.51,24808.0,0.3048,0.7017,69.46,6.42,9409,A
SB0142,61.91,7.77,70.71,1,44.51,31133.67,0.1565,0.6947,67.1,6.7,3706,B
SA0293,61.83,4.9,66.55,2,57.24,19736.04,0.8746,-1.4406,,7.87,7638,A
SA0290,64.47,8.13,80.17,1,62.48,14080.18,0.4476,-0.1057,82.57,7.13,5454,A
SB0053,67.95,8.46,88.31,2,48.99,25685.19,0.6696,-0.8673,64.42,6.44,2421,B
SA0040,55.38,6.19,,2,81.47,22432.3,0.7753,-0.0728,90.15,4.28,8570,A
SA0590,33.68,7.21,70.3,3,60.17,13619.27,0.2611,1.3422,,4.03,2179,A
SA0308,63.11,3.84,68.87,3,63.4,28145.3,0.8398,0.168,72.42,,7794,A
SB0080,69.07,9.04,81.3,4,35.71,13336.82,0.736,-1.9712,72.93,6.78,5901,B
SA0067,61.95,2.17,89.33,1,68.92,19517.63,0.4959,-0.4999,91.49,4.99,1558,A
SA0276,61.67,5.33,79.94,5,53.66,16996.17,0.0804,-0.5697,85.82,7.94,5985,A
SA0068,51.59,5.28,65.39,1,68.18,18436.89,0.0347,0.8805,70.68,6.46,3740,A
SA0319,50.41,5.22,75.45,0,46.64,11445.09,0.7273,1.2566,75.78,6.99,2620,A
SA0549,66.49,5.71,77.5,1,57.47,16401.52,0.8099,1.5654,75.25,8.96,8148,A
SC0099,87.99,13.97,82.11,6,45.01,31556.47,0.4367,-1.6699,28.21,6.5,6841,C
SB0115,84.77,8.7,76.39,5,58.17,,0.3731,2.0108,59.97,10.0,9606,B
SB0154,72.42,,62.75,2,65.5,27932.15,0.8271,0.0645,52.98,8.48,6985,B
SA0328,59.0,5.95,70.85,3,74.7,21229.12,0.4155,-3.2439,87.01,6.64,7099,A
SA0383,45.04,6.41,76.23,2,77.62,19624.08,0.1658,-1.0829,61.91,7.13,2703,A
SA0452,44.08,8.18,73.05,3,70.82,16895.51,0.7573,-0.5619,50.05,5.86,6076,A
SA0523,48.16,4.35,63.52,3,69.0,16517.68,0.4655,0.5234,63.7,6.76,9563,A
SA0219,45.65,4.49,83.05,5,78.82,18155.82,0.7009,-0.1665,78.2,7.03,4576,A
SB0188,60.42,8.84,89.15,5,37.69,26738.75,0.0596,-2.4525,55.4,6.81,4702,B
SA0437,73.88,5.51,81.78,4,49.08,18539.86,0.1573,-0.162,87.38,6.61,4952,A
SB0165,53.44,9.13,85.33,10,42.18,24515.5,0.2923,-0.0319,44.64,7.0,5024,B
SA0089,61.8,5.84,81.62,2,37.13,20827.94,0.1361,0.5538,70.75,5.36,4620,A
SA0064,53.85,8.26,70.15,0,51.78,20371.15,0.2628,-1.4133,53.61,5.57,2298,A
SB0227,58.45,7.7,79.5,2,59.82,26867.48,0.9099,-0.6202,43.22,6.81,6755,B
SB0117,91.15,10.24,87.7,4,47.34,10367.24,0.6028,-1.2124,43.61,7.27,1464,B
SA0352,68.72,2.99,74.02,1,64.34,17396.05,0.0829,-0.0717,78.99,7.94,8302,A
SC0037,87.41,11.82,91.83,4,50.98,16472.34,0.8789,-0.7864,32.36,8.09,4627,C
SA0257,72.39,4.65,75.86,1,62.39,19313.24,0.0386,0.8412,68.61,5.5,3402,A
SB0036,77.19,7.8,91.04,4,61.01,27644.68,0.8735,-0.0309,40.9,5.67,7677,B
SB0045,64.31,10.1,79.99,2,55.28,33578.83,0.0416,-0.2081,52.22,7.69,5282,B
SA0555,71.52,4.51,72.22,0,74.65,17336.01,0.8572,-0.0099,82.17,9.0,3449,A
SC0060,93.3,13.62,100.0,9,34.83,45833.86,0.0592,1.384,42.05,6.48,8673,C
SA0169,44.6,7.3,63.3,1,58.63,30820.66,0.7683,0.8465,62.84,4.57,5113,A
SC0018,87.89,12.71,90.94,3,44.65,30624.39,0.855,-1.2872,54.3,8.38,9337,C
SA0529,29.7,4.91,70.7,5,70.89,16300.06,0.8089,1.2638,70.17,8.8,9353,A
SB0224,77.51,8.2,,7,63.27,35800.68,0.0191,-0.862,52.5,5.59,1119,B
SC0086,79.17,14.41,87.59,3,37.84,30724.48,0.4115,-0.267,49.02,7.77,9801,C
SB0217,73.54,11.73,82.36,5,64.56,29401.47,0.6842,0.9675,46.92,,5030,B
SA0087,49.04,8.25,62.74,2,74.63,18926.37,,1.2698,64.39,6.79,4763,A
SA0433,65.57,5.65,82.84,1,86.95,21843.97,0.0311,-1.3174,43.03,7.17,3255,A
SA0185,42.47,1.8,76.28,3,64.64,21898.28,0.3496,0.4885,,7.29,8817,A
SC0079,85.19,,99.5,8,44.06,45002.23,0.1109,0.8301,39.2,6.7,9457,C
SA0535,61.26,4.72,79.24,6,73.4,10737.48,0.8085,-0.662,76.23,6.53,3256,A
SA0295,51.2,6.57,73.22,2,77.71,25062.7,0.027,0.4156,61.34,5.37,8393,A
SB0293,65.93,9.89,91.52,3,51.23,22973.56,0.1544,0.0448,49.52,,7534,B
SA0426,64.67,6.97,82.71,1,72.83,20088.26,0.7966,0.1162,74.79,5.05,6046,A
SB0114,85.04,8.34,85.71,3,60.51,32465.27,0.6326,0.024,23.06,8.63,4131,B
SA0261,61.34,5.04,64.66,0,62.24,16794.72,0.3379,0.719,73.19,5.77,1874,A
SA0238,46.16,6.4,79.92,2,56.36,11405.16,0.8734,0.0534,73.03,5.96,9700,A
SA0560,49.66,7.61,69.0,2,70.5,13653.55,0.4834,-0.9314,69.92,7.48,3145,A
SA0584,67.85,6.5,71.37,4,68.72,,0.1287,-0.2269,70.87,4.79,3757,A
SA0446,57.98,5.16,70.63,1,90.01,16433.28,0.1636,3.0896,60.27,8.92,1950,A
SB0268,61.29,7.75,81.02,5,60.62,25754.38,0.7037,1.2535,54.89,7.59,2538,B
SB0201,88.65,7.96,88.01,3,58.33,20252.5,0.6582,1.6599,66.07,7.41,1181,B
SA0600,54.99,4.77,62.91,2,55.77,21936.15,0.1635,0.7801,75.95,6.63,8247,A
SB0250,71.07,,82.81,4,52.72,34184.3,0.1434,0.2598,83.43,5.95,6537,B
SA0266,63.15,5.18,78.89,0,58.96,18029.47,0.4452,0.6799,69.26,4.58,3739,A
SC0096,99.9,,100.0,6,50.38,35911.14,0.4835,1.367,,8.05,3980,C
SA0530,51.97,3.51,61.33,3,75.56,18879.77,0.4292,-2.1716,62.39,7.27,1674,A
SA0056,52.75,3.15,76.3,2,72.92,22177.0,0.9398,0.2662,57.67,5.89,1992,A
SA0121,54.79,3.69,62.41,2,55.19,18715.3,0.8881,1.1425,78.48,9.08,6522,A
SA0216,59.21,7.56,66.12,3,67.47,13885.33,0.8818,-1.116,74.73,6.92,6342,A
SA0026,56.69,1.63,84.82,2,70.57,19259.76,0.5514,0.439,57.47,,7213,A
SA0073,66.58,6.68,65.91,1,76.73,12350.09,0.8014,-0.3226,,6.89,1221,A
SA0045,51.94,7.19,66.4,4,74.13,14743.19,0.1979,0.093,82.09,6.96,4393,A
SA0248,58.84,7.51,69.83,0,57.31,27778.18,,1.7928,69.79,6.39,3992,A
SB0122,75.08,7.62,82.56,5,57.04,26006.46,0.6203,-1.0452,49.2,6.9,1098,B
SA0282,65.03,4.04,,2,75.3,17841.63,,1.0803,62.25,7.91,1925,A
SB0294,79.95,12.4,92.53,4,50.13,28876.64,0.9252,-1.6604,63.8,7.55,4481,B
SC0015,85.92,12.77,94.62,7,43.4,41243.02,0.43,0.8259,31.94,7.9,2660,C
SB0211,73.37,10.2,78.18,8,28.69,20548.91,0.8091,0.6589,57.92,5.93,8988,B
SA0245,51.52,7.12,70.58,3,70.89,14325.61,0.302,2.0029,69.86,5.78,4328,A
SB0223,79.27,9.42,75.19,4,62.48,,0.7002,0.088,58.95,5.7,8313,B
SA0322,58.84,6.09,74.31,1,79.96,,0.0568,-0.3315,83.66,5.07,2334,A
SB0044,77.2,10.52,68.72,8,62.3,17047.4,0.7699,0.1266,48.87,7.57,1542,B
SA0159,62.15,5.67,87.59,2,68.45,16446.56,0.2905,-0.8433,64.52,4.61,4225,A
SC0078,84.03,12.87,83.4,4,44.42,36800.28,0.869,-0.5946,36.76,8.79,7787,C
SA0430,51.99,4.31,75.52,1,88.1,15587.63,0.0965,0.6643,73.26,5.52,5912,A
SC0042,84.66,14.89,93.16,10,35.02,30910.8,0.8733,-0.2639,45.53,7.78,4371,C
SA0463,61.43,4.41,71.51,2,51.06,9283.74,0.501,1.2285,72.74,7.77,5568,A
SA0310,70.21,8.22,65.91,1,88.05,11903.51,0.8066,-0.5597,59.64,4.01,1779,A
SB0098,67.62,11.36,88.56,5,57.67,27461.54,0.6733,-0.5311,59.41,7.38,1612,B
SA0061,53.11,5.03,58.6,3,57.76,19737.06,0.64,0.5438,79.42,6.83,1859,A
SB0285,68.26,10.8,73.99,2,58.15,,0.8135,-0.7807,,6.13,4862,B
SA0596,43.93,3.21,75.2,4,55.64,16891.63,0.3525,1.1391,92.81,4.92,1817,A
SB0168,74.33,10.46,74.35,3,39.36,27091.03,0.6049,-0.0125,48.33,5.54,8986,B
SB0050,68.25,8.57,88.56,3,34.25,29966.99,0.5279,-0.4078,52.81,6.44,6823,B
SB0051,46.29,11.74,88.02,3,63.69,22497.24,0.0166,-0.2119,65.36,6.77,3624,B
SB0266,72.51,11.43,88.62,7,55.6,26782.21,0.4034,-0.1665,42.46,6.64,7505,B
SB0069,63.6,9.52,73.79,3,44.73,36615.77,0.3848,-1.2809,66.04,7.48,2716,B
SA0299,63.23,6.34,64.12,1,66.89,23767.98,0.5714,2.733,57.51,6.77,2177,A
SB0090,72.04,11.12,75.54,4,60.83,26070.47,0.8638,-0.2552,53.66,,3519,B
SA0315,63.48,7.52,72.76,3,56.86,13783.94,0.4039,0.4188,67.56,4.01,9268,A
SA0311,59.12,8.7,85.62,4,59.41,17847.47,0.0428,1.5289,90.81,4.98,9016,A
SA0362,58.18,7.26,79.99,1,67.51,11518.46,0.3039,-0.2853,69.32,6.65,2891,A
SA0480,53.62,5.04,66.09,4,69.72,19298.03,,1.66,72.62,6.25,8735,A
SA0111,70.47,4.73,71.43,4,65.95,16492.75,0.3783,0.1135,54.79,7.06,5145,A
SC0090,90.33,11.46,93.75,4,56.98,26879.98,0.4195,1.0541,50.53,6.94,5590,C
SA0487,65.34,4.33,71.44,0,69.89,22414.88,0.3503,-0.3376,75.41,5.67,2431,A
SA0364,45.79,6.73,66.55,0,55.77,17279.09,0.3096,2.2859,69.33,6.26,6668,A
SA0255,59.49,8.06,60.46,3,65.26,23952.41,0.7722,1.5177,73.33,7.29,4627,A
SA0260,44.8,5.96,53.02,1,78.36,19086.31,0.1438,-1.2458,65.54,6.26,1045,A
SB0203,67.61,4.28,78.56,5,38.36,32227.07,0.7732,2.2499,53.63,7.55,3372,B
SB0078,77.34,10.76,73.41,5,49.39,21300.13,0.1101,0.1996,63.69,8.92,5273,B
SA0495,57.66,9.13,61.76,2,100.0,13905.37,0.8875,-1.2784,86.01,5.88,1928,A
SB0071,82.25,8.61,90.57,3,53.97,30169.89,0.3887,-1.0091,48.15,7.25,6341,B
SA0378,46.63,5.59,86.22,1,70.76,13829.45,0.831,1.4693,78.8,5.84,3250,A
SA0527,52.25,8.98,72.71,3,73.99,19579.64,0.5967,-0.2108,74.49,5.78,9422,A
SB0246,74.38,7.71,81.1,1,,28575.97,0.1656,-1.2706,64.99,6.49,8369,B
SA0138,68.92,6.32,73.49,3,74.76,20069.68,0.2988,0.4736,76.96,4.96,2487,A
SA0356,61.68,5.45,73.29,3,64.17,16494.1,0.2477,-0.1029,60.76,6.46,1545,A
SA0366,60.76,6.99,54.21,3,73.68,15349.4,0.6333,-0.4077,77.76,7.81,2515,A
SC0043,96.9,14.29,99.67,6,38.84,36900.74,0.202,0.5226,46.79,6.7,6001,C
SB0150,71.03,9.51,77.29,3,72.46,23371.92,0.6573,0.3884,61.98,7.57,6045,B
SC0049,88.5,14.62,94.54,5,,31873.98,0.6987,-0.2415,,7.73,1429,C
SB0230,53.83,10.72,85.06,5,65.2,23235.7,0.932,-0.9192,59.14,6.15,5589,B
SB0057,84.96,8.44,75.39,6,53.47,26925.49,0.8736,-1.6033,39.8,6.47,8243,B
SA0200,43.07,4.87,79.94,3,80.64,20261.94,0.6111,-0.7435,67.8,6.24,8364,A
SA0214,64.29,6.98,79.27,1,90.81,20422.06,0.6158,0.8074,60.92,5.67,7224,A
SA0409,66.27,,75.71,2,85.44,16761.57,0.1435,-0.1745,,5.98,7706,A
SA0333,55.19,8.24,81.72,2,91.18,10996.1,0.1459,0.2222,79.69,7.43,1178,A
SA0209,36.97,8.79,93.82,0,66.94,28709.07,0.144,-0.7117,57.23,7.17,5126,A
SB0014,55.88,12.54,,4,63.17,24621.14,0.548,-0.9517,73.18,7.52,9795,B
SA0079,59.16,4.67,85.53,4,32.97,16383.92,0.4434,-0.1373,86.89,4.71,2680,A
SA0030,58.05,7.13,79.94,3,57.82,,0.5043,0.1521,92.95,,6295,A
SA0536,56.1,6.37,58.5,1,57.17,14642.41,0.83,-0.9151,76.17,6.03,8377,A
SB0096,70.38,6.41,71.14,5,57.54,15886.51,0.4646,0.7067,59.37,5.73,2805,B
SA0558,54.24,6.07,85.28,2,76.4,13171.85,0.1366,0.2328,75.61,7.09,6784,A
SB0237,74.26,8.58,80.22,5,38.54,25775.16,0.3265,0.4375,67.78,7.44,6217,B
SA0597,72.7,6.18,71.87,4,71.69,22661.77,0.9111,-1.4174,73.23,5.76,3580,A
SA0166,65.24,6.1,93.13,1,63.36,15594.73,0.6779,-0.3393,78.71,5.63,9526,A
SC0019,90.12,15.3,88.8,1,45.03,27165.17,0.9041,0.7095,50.82,7.61,1336,C
SA0496,53.72,6.22,69.64,0,71.91,9762.87,0.8013,-0.0927,50.94,6.91,8748,A
SB0225,76.34,6.96,72.76,2,51.58,14356.99,0.7809,0.6857,52.91,7.75,1661,B
SA0066,70.29,3.63,73.19,2,70.84,,0.5078,0.0585,81.52,3.76,4966,A
SA0142,61.13,4.41,70.3,0,66.29,18866.53,0.5372,-0.4591,68.52,5.99,7639,A
SC0026,88.72,16.96,87.09,10,41.62,34082.23,0.8122,0.9693,45.53,8.2,2641,C
SB0228,70.82,10.4,77.31,4,63.96,25587.23,0.7627,-0.348,54.76,6.45,8539,B
SB0056,62.42,11.19,88.63,5,65.37,34932.88,0.7235,-0.4017,58.19,5.06,9694,B
SA0332,40.32,4.47,64.58,0,80.41,21996.72,0.0594,-0.3916,53.66,5.2,6254,A
SB0065,83.53,11.48,83.89,7,49.4,33393.7,0.2669,-0.5649,58.86,7.11,5803,B
SA0250,65.93,6.87,83.69,2,73.61,12640.24,0.1854,1.1842,70.15,5.08,8939,A
SC0008,85.83,11.36,89.92,9,39.85,33903.78,0.4453,0.5146,33.06,7.7,7362,C
SB0109,76.96,,88.87,6,59.84,20006.98,0.0497,0.4135,63.61,4.91,6908,B
SA0306,69.17,6.57,76.05,0,77.38,14473.05,0.923,0.5714,,7.59,1764,A
SB0135,67.36,,82.77,5,,26274.31,0.2144,-0.5531,73.83,5.42,1131,B
SC0076,72.86,14.84,98.73,7,42.01,50927.17,0.5096,0.8388,39.92,7.38,1579,C
SA0050,51.54,4.48,69.39,2,78.65,19745.31,0.269,-1.1165,62.53,6.7,9107,A
SB0297,65.54,11.68,91.15,2,54.1,28729.1,0.4512,0.7868,54.4,6.42,1369,B
SA0003,69.59,8.22,86.88,3,88.41,7049.99,0.9355,0.6867,71.37,4.3,2097,A
SA0545,62.82,6.44,63.81,1,62.42,20115.42,0.5907,-1.6157,62.73,5.45,3766,A
SA0351,60.77,9.54,69.11,2,77.48,13045.37,,-0.3541,37.81,6.61,9875,A
SC0005,92.5,11.09,84.95,3,60.35,37406.91,0.5177,1.3252,53.2,7.64,7682,C
SA0537,55.72,4.22,68.86,2,56.0,18542.22,0.5941,-0.5383,73.96,,7415,A
SA0345,67.91,4.89,73.23,1,72.24,17194.18,0.3775,0.9303,75.25,5.13,4714,A
SC0095,91.33,14.31,93.8,5,45.04,,0.2339,-2.0357,56.02,8.2,5187,C
SA0482,56.72,8.06,84.67,1,68.48,,0.057,-1.4872,89.47,4.92,3603,A
SA0576,59.2,6.52,73.19,2,46.91,14417.42,0.6359,0.0312,68.64,3.68,1462,A
SA0034,38.45,6.97,69.68,2,61.64,21417.44,0.8572,-0.0841,71.5,6.89,8486,A
SA0032,46.93,8.71,62.36,1,69.98,21656.38,0.385,-0.2712,66.49,4.96,8534,A
SA0232,32.34,2.01,82.47,1,84.63,16322.05,0.6379,0.6533,47.14,8.86,5192,A
SC0064,94.94,14.57,94.18,5,50.88,19537.84,0.0928,-1.0489,43.69,7.22,4868,C
SA0193,65.65,5.61,67.67,1,54.47,17206.3,0.0264,0.4754,66.58,6.1,2564,A
SA0334,65.37,6.68,73.52,3,69.28,17401.2,0.3783,-1.3341,,,4285,A
SA0004,59.75,9.38,68.85,3,66.99,22343.17,0.4649,-0.9981,79.49,6.18,3458,A
SA0205,72.91,2.86,73.95,1,59.38,14842.21,0.2767,-0.0663,49.89,7.06,7729,A
SA0515,47.42,5.71,70.1,1,67.39,17868.15,0.5382,0.2295,81.63,6.64,7218,A
SB0200,59.66,9.47,75.88,8,40.25,23938.72,,0.7646,49.31,7.11,4168,B
SA0307,46.39,4.89,75.27,4,62.77,17189.32,0.3091,1.823,73.99,5.54,4176,A
SA0110,73.58,6.86,62.66,5,87.06,15079.54,0.603,-0.3544,95.54,5.71,1997,A
SA0431,55.91,4.13,70.56,2,71.02,17416.02,0.8287,0.4191,61.31,7.56,7119,A
SA0078,58.9,5.33,63.51,2,52.24,13135.18,0.3572,0.4602,78.1,6.74,5333,A
SA0085,52.17,4.75,,1,61.79,18208.97,0.8216,1.0212,90.43,6.47,5710,A
SA0287,42.69,5.14,66.71,0,63.64,9142.91,0.7856,-2.0307,41.26,7.12,8693,A
SA0083,72.78,7.64,71.71,2,70.48,16758.06,0.8281,-1.143,66.15,6.8,4416,A
SC0092,85.61,18.02,82.02,4,36.24,28216.1,0.4069,1.4932,53.17,8.09,5251,C
SB0190,74.15,14.23,78.95,4,57.11,25345.15,0.1017,-0.3336,41.37,7.03,9818,B
SB0295,58.31,4.74,80.31,2,38.54,33843.08,0.2286,-0.7591,49.76,8.45,4021,B
SA0399,58.85,4.09,77.26,4,53.2,22837.16,0.9327,0.6886,55.98,7.27,7474,A
SA0324,61.5,5.79,58.5,4,75.6,24877.79,0.8268,-0.2885,74.23,,4721,A
SA0520,65.81,4.76,71.4,1,61.73,17608.65,0.6353,1.5023,63.91,5.75,3857,A
SC0017,97.0,17.15,86.86,4,41.77,24083.54,0.931,0.3041,44.93,7.79,1361,C
SC0023,81.72,11.56,90.96,6,54.49,37165.74,0.4165,1.0191,52.17,7.83,2891,C
SA0006,63.19,,55.32,1,32.29,21517.67,0.4361,-0.5345,84.03,6.22,7626,A
SB0132,82.11,11.72,84.66,6,58.94,35772.96,0.3423,-0.1177,61.44,10.0,9622,B
SA0466,51.09,5.46,68.37,5,92.19,14002.58,0.8002,0.2261,62.5,7.16,6687,A
SA0098,47.44,5.89,63.69,1,69.36,14745.76,,0.1084,79.07,6.0,1741,A
SA0267,51.41,8.13,65.14,2,75.38,14170.69,0.0831,-0.3348,66.92,7.52,2934,A
SA0358,51.1,6.98,52.14,1,72.05,21686.07,0.8614,-0.6539,73.67,7.05,9076,A
SB0269,88.25,10.15,89.1,5,57.67,25650.72,0.4145,-1.014,,8.24,2099,B
SB0199,60.8,10.61,88.95,8,53.69,25324.06,0.4838,1.0191,40.23,6.83,3144,B
SA0381,66.85,5.73,77.64,3,70.61,22790.39,0.2951,-0.7522,57.81,7.98,7829,A
SB0032,53.93,9.9,81.39,5,50.36,17730.73,0.4433,-0.2576,60.29,6.49,3830,B
SA0382,66.87,,77.08,2,87.8,19557.96,0.6569,2.3044,71.04,5.33,6879,A
SA0491,51.76,4.44,,0,,16682.93,0.2217,-0.2153,62.93,8.71,3324,A
SA0119,60.94,4.78,66.87,2,65.08,20042.89,0.2366,-0.0209,72.45,7.5,9971,A
SC0001,83.53,12.49,95.28,4,47.79,32568.27,0.1863,0.8428,18.11,7.33,7763,C
SA0251,51.9,6.44,73.88,1,57.5,10762.15,0.4224,-0.8979,73.31,6.19,8815,A
SA0524,52.79,3.22,74.27,3,80.1,18758.66,0.5453,-0.3074,61.52,4.2,4478,A
SA0010,55.1,7.13,78.99,4,54.18,17242.7,0.1546,0.588,70.69,5.85,6672,A
SA0197,56.57,5.77,70.89,1,54.37,11474.43,0.3727,0.4356,83.68,5.37,8419,A
SB0004,65.79,9.9,88.58,6,55.63,16631.84,0.3768,0.9266,68.1,6.8,2043,B
SA0082,65.32,2.16,66.29,2,51.41,8036.0,,-0.1401,78.59,5.32,4656,A
SB0184,79.11,11.66,90.03,7,46.01,26532.07,0.6497,-0.8622,63.03,5.87,6301,B
SA0588,66.24,8.04,91.54,3,,18213.0,0.3763,1.8972,76.49,5.37,2570,A
SB0198,78.56,7.44,75.9,2,50.93,26526.54,0.9012,0.029,60.3,7.58,6741,B
SA0240,37.52,6.52,54.63,2,89.48,13646.78,0.8703,-1.2413,65.14,7.78,5815,A
SA0291,49.92,7.74,72.18,4,46.32,19301.96,0.5635,-0.2332,85.2,5.53,7238,A
SA0212,62.08,1.76,70.44,3,73.02,20537.66,0.8621,-1.2765,76.1,8.03,4732,A
SB0118,60.13,11.8,77.37,4,33.74,28324.57,0.6492,-0.5674,51.21,7.21,2122,B
SA0360,55.96,8.81,73.72,1,,14314.51,0.2671,-1.37,66.91,,6234,A
SA0450,67.48,6.82,61.56,2,67.52,18964.57,0.0632,0.8366,66.53,6.59,1093,A
SA0228,47.51,4.67,60.4,4,60.12,22332.22,0.4006,1.3841,69.9,7.67,7037,A
SC0051,81.43,12.28,,8,44.51,32195.58,0.861,-0.4589,42.17,8.7,9476,C
SC0047,88.47,,89.54,6,47.51,37046.66,0.3903,-2.3139,36.36,7.87,6319,C
SB0197,60.06,9.99,80.55,5,69.61,30202.78,0.8143,-0.8544,59.36,7.61,1637,B
SA0502,60.29,6.55,84.74,2,64.12,22878.36,0.716,0.0195,58.35,6.86,7050,A
SA0465,48.34,7.17,67.61,2,85.23,12431.71,0.1567,-0.8176,74.01,6.93,3245,A
SA0363,63.16,9.27,61.33,1,68.79,22280.03,0.2047,-1.7342,74.64,6.71,3856,A
SA0469,62.71,5.69,81.07,3,69.88,20662.29,0.2655,0.2094,82.5,7.55,3841,A
SC0036,77.43,13.88,92.3,10,,29633.08,0.8651,1.025,24.95,8.28,1488,C
SA0429,55.21,7.06,57.36,1,86.92,13708.17,0.6376,-1.1135,78.65,6.7,1826,A
SA0008,62.88,4.16,69.32,2,92.84,15021.82,0.1706,-1.1104,79.81,7.67,6315,A
SA0156,54.78,7.49,70.28,2,82.82,17715.88,0.3086,1.084,58.51,4.52,5348,A
SA0542,68.36,8.22,67.49,2,75.02,14551.69,0.2657,-1.9728,74.79,6.86,5324,A
SA0441,73.85,,76.52,0,76.55,24909.73,0.9215,0.9547,70.4,6.36,4905,A
SA0483,58.59,6.67,72.0,0,72.9,18375.05,0.3863,-0.8931,74.05,3.73,4808,A
SA0423,56.97,4.89,67.19,5,49.34,,0.1399,0.3759,62.04,4.92,9920,A
SB0179,65.0,10.1,77.7,8,53.33,,0.7747,0.5979,56.14,8.7,7909,B
SC0050,83.59,13.53,89.81,9,57.5,33970.89,0.0221,-0.1566,39.06,7.57,4168,C
SA0335,54.17,6.95,77.03,2,62.03,,0.7888,-0.1936,63.62,7.6,6594,A
SA0577,73.04,6.18,63.03,3,83.99,16249.37,0.7377,0.8411,65.94,4.5,2413,A
SC0035,96.23,13.86,89.09,3,46.21,41416.72,0.6448,0.6342,34.08,7.23,4049,C
SA0568,63.07,9.71,62.63,3,77.66,23669.04,,0.3092,72.88,5.87,3533,A
SA0595,54.44,7.02,72.84,0,75.54,18565.44,0.349,0.3872,66.89,5.86,6213,A
SA0531,46.18,8.41,80.89,2,78.05,10440.88,0.7832,0.3052,81.72,8.46,8315,A
SA0582,53.15,8.12,75.44,4,63.37,15015.49,0.5338,-0.8447,73.52,7.72,1039,A
SB0108,70.76,10.18,87.68,3,67.48,23861.41,0.6187,-0.9306,46.57,4.75,5177,B
SA0449,48.08,,69.69,1,44.61,16003.05,0.1258,-1.4819,78.63,6.73,1180,A
SA0454,55.49,,85.97,4,54.87,17020.48,0.1119,-0.987,80.4,4.19,1396,A
SA0229,57.06,6.11,90.86,0,94.77,18858.64,0.1102,1.0219,65.88,7.91,2956,A
SA0353,70.3,6.08,87.9,2,76.81,23042.8,0.193,2.713,61.17,7.39,1456,A
SB0129,67.59,13.18,87.82,2,68.15,19676.73,0.814,-3.4287,41.85,5.28,5308,B
SA0213,60.11,3.48,51.83,2,76.11,13719.92,0.3647,0.3367,64.88,7.61,9267,A
SA0080,51.39,,82.28,2,56.33,25071.39,0.7419,0.5319,75.16,7.25,6069,A
SA0149,61.69,5.35,72.97,0,73.58,14979.28,0.3461,0.313,70.64,7.81,5172,A
SA0303,58.64,,71.69,5,66.98,20319.21,0.2916,-1.64,51.49,5.43,9132,A
SB0029,66.55,11.19,79.15,3,59.84,18910.42,0.4589,1.2045,46.24,8.75,5010,B
SB0178,75.3,7.16,72.42,3,53.83,46155.42,0.9492,0.1844,65.01,6.13,3611,B
SA0507,57.35,4.24,71.06,0,52.98,17863.84,0.5329,0.7384,71.12,5.94,7624,A
SA0343,76.25,8.22,73.27,1,67.81,15102.55,0.7253,0.3471,84.32,5.83,4392,A
SA0486,48.57,9.02,53.32,1,53.98,18488.49,0.4302,-0.1562,,5.27,6588,A
SB0112,73.51,9.16,84.77,2,72.83,25607.36,0.7343,-0.6077,53.24,7.65,5746,B
SA0134,73.48,8.4,66.01,1,53.97,20618.35,0.4121,-0.8034,74.35,7.63,5056,A
SB0104,75.22,12.77,79.6,5,63.78,24104.42,0.1215,0.782,58.05,7.34,7011,B
SA0312,60.85,6.59,74.65,1,66.19,12763.37,0.0106,-1.015,79.89,5.47,3304,A
SB0123,78.01,8.38,89.9,5,46.8,15101.79,0.7663,-0.4821,73.35,7.24,9496,B
SB0030,63.38,9.75,85.02,5,50.82,25722.64,0.2977,0.0038,57.33,4.84,8174,B
SA0001,49.1,1.79,75.31,0,100.0,14044.21,0.5964,-0.0029,72.49,8.26,8754,A
SA0317,59.25,2.89,75.35,3,80.36,17016.84,0.0658,0.2665,58.42,6.08,5787,A
SB0107,62.85,8.07,83.01,2,39.34,30711.55,0.1794,-1.5833,54.19,8.26,2986,B
SA0548,73.86,,53.7,0,50.95,11414.72,0.3617,0.3924,67.59,4.94,4776,A
SB0273,73.61,10.26,83.32,4,57.26,24882.93,0.7834,0.0695,41.41,7.03,9469,B
SA0533,60.06,7.45,83.14,3,69.4,11566.26,0.8258,-1.14,79.18,6.2,6032,A
SA0478,57.85,8.78,79.28,0,51.84,14439.24,0.8737,-0.2795,,8.33,1138,A
SA0405,55.93,7.86,67.33,1,85.73,18697.44,0.4285,0.3539,64.63,6.23,6369,A
SA0173,61.64,6.72,67.63,2,67.26,18838.51,0.2373,0.9705,60.06,6.27,3572,A
SA0126,60.83,2.38,90.61,2,67.35,,0.0988,-1.2948,73.15,4.34,8719,A
SA0395,72.01,5.82,71.5,2,73.64,20367.69,0.6932,0.4326,61.65,5.57,6277,A
SA0421,52.23,2.18,84.96,3,55.0,16422.81,0.4718,0.0185,63.66,4.59,9338,A
SA0553,44.29,6.87,59.94,2,62.95,18476.46,0.939,0.0239,58.49,7.09,8517,A
SC0004,75.76,12.86,90.13,6,34.23,29813.25,0.6644,0.32,32.66,7.63,5714,C
SA0091,69.11,6.81,63.83,2,77.95,15781.29,0.554,-2.1529,86.69,3.34,2211,A
SC0040,90.25,11.54,85.72,5,54.28,47526.16,0.2398,-0.1275,38.24,7.38,3500,C
SA0182,58.57,6.82,74.74,3,75.26,,0.2867,-0.7806,74.04,6.12,9995,A
SA0275,57.22,3.42,77.21,1,75.74,9646.46,0.1747,-1.6763,75.54,5.48,9446,A
SB0296,88.08,13.27,84.76,7,53.82,23415.69,0.6695,1.4332,73.67,5.26,4465,B
SA0070,54.05,8.11,76.13,1,73.16,20982.62,,-0.0272,80.02,5.49,3438,A
SA0292,66.79,7.32,71.02,4,72.84,20441.12,0.7563,0.1942,61.1,5.53,9737,A
SA0132,70.72,5.28,70.69,2,90.47,21489.99,0.3801,0.5595,78.79,4.89,2184,A
SA0301,46.48,5.65,71.85,2,68.34,18233.0,0.7473,0.2108,64.82,7.61,4226,A
SA0425,54.72,6.25,96.29,1,76.5,26570.55,0.5774,1.4134,65.33,7.18,1226,A
SA0327,67.99,6.46,56.02,1,73.11,20726.35,,0.9352,78.53,6.39,1322,A
SA0145,61.7,8.08,70.76,3,60.78,19918.46,,-1.8174,85.33,6.04,5686,A
SA0424,53.97,8.54,71.15,2,65.7,23150.31,0.5881,-0.3966,65.46,7.11,5928,A
SA0581,74.48,4.77,74.92,0,72.82,10729.5,0.4199,-0.314,45.23,7.08,2561,A
SA0136,58.66,6.14,63.22,0,60.79,20096.51,0.92,-0.3711,95.47,7.86,2556,A
SA0451,70.22,9.54,80.84,3,60.72,17778.1,0.8983,-0.1069,75.63,5.2,8108,A
SA0165,66.92,5.52,77.76,0,63.93,18631.46,0.3923,-1.0977,58.72,6.23,7936,A
SA0029,61.53,7.18,67.4,4,50.86,23673.85,0.8786,0.1438,79.05,5.68,9037,A
SB0174,71.86,10.23,81.95,7,59.21,31812.85,0.7948,-0.4606,58.32,6.87,8846,B
SA0194,49.83,6.05,77.0,1,64.3,10147.3,0.3366,-1.9771,71.34,7.09,9606,A
SA0389,45.08,3.97,79.52,3,83.5,8070.25,0.819,-0.8053,70.4,6.58,9086,A
SB0253,59.73,,,5,38.75,36879.83,0.3743,-0.5218,,7.69,1653,B
SA0170,59.75,8.69,68.68,3,76.88,12523.43,0.4621,1.3776,70.43,4.73,4096,A
SB0106,72.89,,91.3,2,59.55,21280.15,0.5287,0.3678,47.07,6.58,7644,B
SA0141,54.7,8.22,79.45,2,,11686.78,0.1113,0.2174,66.46,6.56,5727,A
SA0174,54.57,6.15,67.88,2,78.12,19969.74,0.807,0.9466,59.43,5.8,9506,A
SA0007,52.27,6.31,71.8,0,70.96,14719.71,0.3622,0.0616,71.65,4.77,1733,A
SB0146,73.02,8.68,84.12,6,55.16,33666.48,0.7887,0.6755,,7.42,4295,B
SA0479,63.91,,64.42,1,61.85,16257.35,0.6423,-0.7994,75.18,4.24,2776,A
SA0074,71.68,4.06,67.91,1,72.72,12230.62,0.6198,-1.1506,76.32,4.54,4024,A
SC0011,80.97,12.83,85.44,7,28.23,39071.16,0.2281,-1.1401,30.77,8.79,6801,C
SB0214,68.52,11.11,92.04,5,51.62,20852.64,0.8972,-0.412,57.03,8.55,5693,B
SA0239,59.32,4.19,73.86,8,59.06,13795.32,0.2922,0.2949,49.85,6.13,6050,A
SA0146,66.95,4.69,64.54,0,81.98,18018.54,0.2889,0.047,77.02,6.65,3985,A
SB0193,53.12,10.42,80.83,4,58.22,15355.13,0.6698,0.8188,45.12,5.94,9434,B
SA0235,70.0,6.25,76.22,1,78.77,15910.24,0.7612,-0.9482,56.93,6.47,6082,A
SA0221,70.25,7.99,58.94,2,71.02,16186.6,0.3893,-0.7372,71.04,6.88,3503,A
SC0024,78.51,17.55,91.67,3,39.67,27137.91,0.0856,-1.2578,43.27,7.92,3170,C
SA0501,36.71,7.25,60.48,2,69.39,16538.95,0.4383,1.2627,71.65,6.28,4531,A
SA0133,51.65,8.4,65.69,2,75.72,20804.54,0.3676,-0.1589,62.18,,1399,A
SC0091,83.3,16.46,93.19,8,33.7,,0.8067,0.3913,51.68,8.81,6348,C
SB0175,72.67,9.37,82.98,3,57.8,23676.63,0.239,-0.8457,60.89,7.01,7716,B
SA0186,50.8,4.92,82.52,3,65.16,20990.48,0.8749,0.4496,68.72,5.9,3160,A
SA0042,46.65,8.58,75.35,3,,23927.9,0.8603,-1.1091,59.93,,5897,A
SB0097,81.52,7.8,79.42,0,41.08,,0.0577,-1.2962,56.33,8.14,3769,B
SA0109,65.7,5.7,64.32,0,60.16,19725.14,,-2.1315,53.93,4.83,6786,A
SA0589,52.58,5.6,66.44,5,69.16,22060.33,0.7088,-0.1495,60.35,4.86,1092,A
SA0057,50.24,8.24,75.3,3,71.32,15691.67,0.6994,0.2347,73.77,6.79,8951,A
SA0406,59.73,4.0,,0,64.29,15985.5,0.5809,0.3621,64.6,7.46,1552,A
SA0443,60.63,6.64,85.71,2,56.97,24017.95,0.6664,1.057,71.92,8.06,6561,A
SB0158,63.56,8.47,81.13,7,38.33,24670.2,0.5039,0.1648,61.39,6.02,5529,B
SC0098,82.79,12.98,91.12,4,33.48,,0.2739,-0.5723,41.25,9.0,3339,C
SA0025,64.79,7.76,60.1,4,60.27,13645.36,0.3851,0.6092,80.57,7.36,4634,A
SA0468,66.6,7.41,69.58,2,66.08,,0.2221,0.791,93.87,5.22,8694,A
SA0540,63.35,10.65,67.22,2,63.87,24198.79,0.7491,-0.7119,82.33,5.96,4122,A
SA0532,59.67,6.66,71.35,2,68.66,22296.74,0.4761,0.3554,83.09,6.63,2435,A
SB0019,81.71,9.37,89.36,1,51.32,27757.13,0.1667,-0.9275,50.59,8.96,6410,B
SB0095,71.77,10.21,81.96,5,47.2,19107.24,0.638,-0.3032,61.31,6.67,7335,B
SC0027,98.03,13.75,,10,50.18,32333.66,0.942,-0.5856,54.17,7.71,4380,C
SA0339,69.19,4.77,91.0,0,52.65,23268.8,0.1039,0.8536,81.0,6.11,4284,A
SA0052,58.25,5.78,79.63,2,49.03,17805.96,0.806,0.5458,79.37,7.45,8020,A
SA0508,62.89,4.38,68.18,1,57.89,24781.54,0.7744,-0.0949,65.96,5.83,6523,A
SA0517,68.68,6.19,61.35,2,76.52,16110.99,0.7441,0.3522,60.08,4.86,9403,A
SC0021,82.38,12.6,88.21,6,39.59,45533.83,0.4209,-1.1361,38.56,8.23,4051,C
SB0182,80.55,10.27,78.97,6,49.73,30598.59,0.0756,-1.4692,51.73,6.12,2246,B
SA0265,55.85,4.89,73.33,1,,14458.19,0.4366,-0.8421,71.04,6.89,5968,A
SB0218,71.08,11.14,92.35,3,71.69,36554.7,0.3201,0.0166,48.63,7.05,6490,B
SB0111,68.39,8.35,82.41,5,71.03,,0.29,0.5157,42.8,8.11,3514,B
SB0083,62.99,9.47,83.56,3,42.53,7000.0,0.7965,0.2372,56.51,,4877,B
SB0233,77.18,9.59,69.81,5,60.1,24722.6,0.4447,-1.2378,54.89,7.31,8154,B
SA0519,64.8,5.95,63.13,1,77.87,13823.81,0.1937,-1.2742,67.26,6.79,1327,A
SA0448,61.51,3.25,,1,78.53,17915.7,0.7106,-0.556,69.0,5.04,3531,A
SA0019,55.19,7.77,67.79,3,51.4,12434.34,0.6478,-0.7093,50.65,5.87,9572,A
SB0116,73.4,11.98,78.24,3,45.25,33570.03,0.0935,0.6239,47.5,7.2,2459,B
SA0484,48.2,5.65,77.51,1,72.17,16897.43,0.5061,0.7882,,7.21,5440,A
SA0569,45.49,1.81,80.61,2,40.27,23906.83,0.5415,-0.0746,68.44,6.44,2883,A
SA0434,55.48,4.69,85.84,0,62.53,21695.04,0.2572,-1.5583,57.9,4.6,5156,A
SA0368,61.11,6.56,73.74,1,80.0,19355.35,0.7296,0.2796,63.35,8.53,8453,A
SA0084,55.96,6.11,76.61,2,53.13,23220.22,0.2105,0.8781,80.79,5.41,9944,A
SA0062,52.97,4.42,57.1,2,81.08,16105.99,0.7449,0.277,62.16,6.2,3225,A
SB0039,61.69,9.13,82.85,1,68.88,22770.26,0.9237,-0.4169,51.8,7.71,3350,B
SA0273,59.05,8.4,75.18,2,36.39,20018.68,0.0552,0.4135,70.66,6.11,6786,A
SA0286,51.93,3.7,65.31,0,50.56,24904.83,0.4261,-0.1082,70.78,7.15,3831,A
SA0361,59.41,3.23,79.49,2,67.84,20439.36,0.6019,-1.9764,58.37,6.18,8387,A
SA0355,60.73,6.13,,0,63.35,15755.19,0.1812,-1.456,82.01,5.12,5255,A
SA0457,66.58,5.44,77.89,4,43.97,19814.98,0.5585,-0.5873,64.67,5.95,6216,A
SA0279,58.7,7.66,71.61,1,58.27,11357.68,0.7645,0.3978,72.02,7.09,4391,A
SA0013,68.73,6.73,62.05,4,53.57,21397.54,0.1744,2.3537,64.52,4.91,6832,A
SA0183,59.92,6.88,78.95,3,61.67,14580.73,0.8817,1.2108,65.91,7.37,4443,A
SA0369,50.11,3.35,73.3,3,38.4,13311.55,0.2899,-0.8599,64.3,6.25,8365,A
SB0282,68.76,8.82,78.05,1,54.87,24462.83,0.0504,0.2156,56.94,6.31,1394,B
SB0016,69.25,9.38,79.04,3,72.53,27317.7,0.2624,-0.9281,53.05,,5273,B
SA0224,71.99,7.54,86.1,0,78.55,14409.33,0.5714,-1.6963,58.47,6.17,1612,A
SA0573,48.72,6.15,76.09,2,48.84,20171.06,0.4587,-2.1116,71.83,4.49,7106,A
SC0071,82.3,15.19,88.42,4,48.1,53142.2,0.1058,0.9341,36.26,6.27,1808,C
SB0054,66.36,8.82,90.99,8,52.1,29106.85,0.1328,-1.7098,47.47,7.04,1710,B
SA0546,55.57,8.45,64.14,1,72.72,17282.89,0.2939,-0.9103,73.65,6.62,6336,A
SA0583,72.32,4.08,75.57,2,70.55,15093.74,0.4421,0.1763,65.12,7.13,8700,A
SB0034,66.85,8.15,85.01,5,55.26,28454.41,0.0788,1.8791,52.27,7.67,5968,B
SA0177,53.19,8.33,75.76,3,42.69,24114.52,0.3435,2.1281,67.41,6.92,1396,A
SB0066,78.59,10.39,73.11,3,51.21,20793.17,0.2616,0.3147,46.93,7.06,9730,B
SB0074,71.39,9.2,74.53,6,63.18,35543.88,0.5597,0.2784,38.02,8.91,6254,B
SA0586,59.93,2.8,81.19,2,55.8,,0.2388,-0.0714,64.26,6.18,1705,A
SB0274,68.97,,90.57,4,54.1,27652.08,0.1454,-1.4747,87.56,7.09,5800,B
SA0394,65.37,6.41,73.71,1,56.31,17214.57,0.806,-2.2552,65.08,6.74,1042,A
SA0164,57.0,3.09,62.19,1,88.54,20666.61,0.8548,0.734,64.4,6.24,2278,A
SA0249,71.74,6.64,77.93,0,41.1,17858.79,0.4823,1.1958,66.37,7.45,4795,A
SB0035,66.04,13.31,73.84,3,44.03,20566.93,0.4171,1.2286,35.68,7.08,6247,B
SB0286,62.54,14.78,81.27,2,53.99,31877.6,0.0291,-1.7673,69.34,8.34,9173,B
SB0070,67.36,11.36,73.04,5,46.7,23594.02,0.4411,0.6903,61.02,6.27,5558,B
SA0376,57.29,4.6,,5,64.29,25933.74,0.469,-1.1843,55.26,6.05,6863,A
SA0413,55.54,5.69,79.59,1,62.56,12762.39,0.8485,-1.603,64.33,6.6,3894,A
SA0075,73.34,5.77,84.28,1,52.4,7050.21,0.0595,1.5355,55.16,5.86,7236,A
SA0114,33.44,4.71,52.89,2,62.54,17462.4,0.223,-0.3396,66.26,5.7,8970,A
SA0599,65.71,5.25,74.55,2,70.53,16891.92,0.9092,1.8722,57.64,6.42,1013,A
SC0062,84.98,11.62,89.98,3,40.7,31831.19,0.5154,-1.0491,45.92,8.0,6058,C
SA0391,81.36,8.15,65.57,7,64.06,10331.78,0.5746,0.3945,83.67,,1121,A
SA0105,55.47,6.74,72.4,3,60.95,20046.71,0.2901,-0.0026,69.08,8.41,7795,A
SA0115,52.18,9.1,68.18,4,89.56,17873.4,0.7493,-1.5249,70.28,6.61,6759,A
SA0418,66.57,4.71,73.11,3,67.53,19319.39,0.347,1.7457,62.61,7.52,1994,A
SA0526,68.5,5.48,61.99,2,82.29,18783.68,0.5438,-2.2819,71.76,5.56,8350,A
SA0458,57.31,6.2,75.35,2,78.96,17647.48,0.2571,0.8294,39.27,5.93,9146,A
SA0410,56.23,9.55,70.22,3,71.0,14936.69,0.3175,-1.4504,73.32,7.06,9261,A
SA0093,62.33,5.97,63.2,3,68.95,,0.0156,2.6096,62.25,5.66,1057,A
SC0031,88.34,15.2,96.48,5,39.69,23195.52,0.1958,-0.198,47.6,6.84,9105,C
SA0090,57.27,4.9,79.22,2,68.08,22477.81,0.5305,-0.9876,61.99,7.54,3706,A
SA0337,52.59,4.97,74.98,1,61.36,16241.7,0.9206,0.2643,66.8,5.59,5108,A
SC0089,74.54,12.46,96.0,6,45.37,38607.21,0.1208,-1.2836,55.4,7.42,4545,C
SC0022,91.2,,90.21,9,45.21,31583.85,0.1564,0.2048,52.31,7.98,4827,C
SC0034,88.24,14.08,99.18,9,36.51,27139.21,0.3017,1.3589,56.03,7.62,4486,C
SB0006,79.92,9.09,77.06,4,59.11,22192.74,0.2418,1.1436,62.98,6.4,2838,B
SA0594,54.45,5.7,68.62,1,48.13,21348.81,0.4286,-1.1582,77.21,5.22,3705,A
SB0012,58.87,12.86,85.09,2,55.69,19302.64,0.235,-1.0126,59.36,6.77,5695,B
SA0095,69.84,6.92,62.01,1,84.77,24657.88,0.7008,0.0697,64.43,7.68,6996,A
SA0012,44.27,5.07,64.63,2,58.61,22069.98,0.4461,2.0879,56.0,4.82,8251,A
SA0397,59.48,6.16,69.67,3,83.25,19028.16,0.8542,-1.3292,64.42,4.78,1586,A
SA0534,43.72,6.85,70.91,4,81.57,12979.47,0.8628,-1.0958,,7.48,2193,A
SA0044,56.59,3.51,65.62,0,73.9,19616.57,0.3901,0.2215,53.97,5.33,2954,A
SA0043,70.87,4.63,78.72,2,73.59,19808.95,0.1937,-0.8258,60.32,6.8,1111,A
SA0330,72.55,5.0,75.6,1,69.55,12730.62,0.8305,-1.1641,84.71,6.87,2702,A
SA0168,62.55,6.1,71.87,4,77.74,17955.91,0.197,1.1688,78.05,4.08,5176,A
SA0498,48.56,5.43,53.11,2,62.86,23505.28,0.83,0.5353,53.2,6.88,6093,A
SB0277,81.13,10.98,76.55,6,47.96,28336.31,0.2108,1.1493,50.35,8.39,3173,B
SA0598,57.34,2.81,64.13,2,64.85,25163.62,0.2125,0.3808,78.91,7.06,5288,A
SB0157,81.22,6.87,72.54,2,82.54,29148.98,0.5062,-1.0109,53.51,8.88,6245,B
SA0101,53.36,8.22,68.18,3,69.34,17770.82,0.7413,-0.3029,56.94,6.18,1384,A
SA0427,65.17,6.33,59.33,2,72.48,20371.48,0.7882,1.1353,60.91,7.1,1719,A
SA0179,56.29,6.07,77.26,3,61.14,19626.94,0.8234,-1.057,76.78,5.4,3502,A
SA0445,44.51,3.73,82.04,0,,13431.06,0.7768,0.332,76.7,7.64,6174,A
SA0417,50.67,9.39,72.81,2,58.13,17617.06,0.3071,-0.3928,73.34,4.98,3564,A
SB0271,54.91,8.22,85.74,4,59.99,,0.8986,1.5518,62.67,8.87,1445,B
SB0283,77.15,8.92,,2,46.09,38639.11,0.7465,-2.4881,55.05,6.79,5018,B
SB0081,55.63,8.67,83.21,4,60.05,35206.81,0.2226,0.3293,53.49,7.12,3947,B
SA0178,71.17,6.26,65.52,2,55.31,17239.36,0.335,0.6707,63.02,4.3,7737,A
SA0396,71.31,3.76,71.32,4,77.01,16630.74,0.19,1.1818,71.0,4.35,6463,A
SC0012,89.3,13.87,94.68,8,42.17,33981.77,0.5625,-1.1965,51.05,8.02,7959,C
SB0194,78.98,8.16,84.03,5,52.64,18059.46,0.3096,-0.7861,46.94,5.35,5151,B
SC0061,89.45,10.81,88.57,2,47.04,29564.54,0.7112,0.633,41.93,8.65,6991,C
SB0085,90.6,,83.31,5,61.55,18135.64,0.7484,0.7716,83.74,5.48,3958,B
SA0384,56.5,5.2,67.05,1,71.02,22741.16,0.1981,-0.7611,68.5,8.99,8063,A
SC0057,80.32,14.63,80.69,9,33.25,35828.18,0.2578,-0.7729,35.31,7.23,8932,C
SB0152,69.74,9.1,90.46,5,44.51,33103.5,0.1647,0.3939,53.43,4.77,4316,B
SA0258,41.92,4.45,76.36,0,65.4,16530.45,0.119,1.0359,73.09,5.78,4724,A
SA0539,66.64,8.16,85.88,1,73.04,25605.81,0.4702,0.8663,80.03,7.68,5107,A
SA0336,55.27,4.29,62.61,3,58.05,8714.93,0.1111,1.1266,65.33,6.77,3103,A
SA0016,59.23,5.49,73.07,1,68.03,,0.6028,-1.0644,65.41,6.24,1690,A
SA0325,42.73,5.12,55.71,5,70.68,18401.12,,-1.5727,74.27,7.31,3171,A
SB0159,72.71,11.39,71.7,2,46.63,16248.98,,-1.1026,49.91,6.05,1041,B
SA0223,64.44,6.04,66.38,2,89.23,18628.35,0.3039,-1.1963,84.71,8.2,1677,A
SA0180,76.56,5.82,85.75,1,80.06,8954.28,,0.3894,76.45,5.58,2212,A
SC0084,87.74,11.34,90.9,5,36.33,32253.0,0.7476,-0.3908,38.85,6.61,9826,C
SA0023,71.87,4.93,,1,88.41,19113.12,,-1.6716,89.18,6.36,9356,A
SA0357,52.88,9.67,59.9,1,70.89,13525.59,0.1982,0.8308,76.48,7.15,7997,A
SB0067,71.13,8.87,81.21,3,42.61,24297.98,0.4894,-0.7861,47.69,8.14,4286,B
SB0262,70.92,8.48,93.62,7,55.67,23957.86,,0.2036,57.14,7.34,1551,B
SA0341,75.14,7.2,73.47,1,46.93,12614.09,0.8361,1.1829,77.8,6.31,7064,A
SA0432,56.68,5.22,82.74,3,72.81,23541.41,0.3173,-0.4774,62.83,6.1,8490,A
SA0552,48.41,6.17,58.53,1,67.97,18167.08,0.1114,-1.3672,65.7,5.28,1997,A
SB0234,76.58,11.68,75.9,8,53.42,20859.54,0.4371,-0.0273,,7.35,1797,B
SA0204,65.57,8.64,72.77,3,65.92,27725.12,0.0249,-1.634,81.89,4.69,3916,A
SB0031,55.88,11.18,83.63,6,66.83,23588.86,0.619,-0.3272,55.66,7.46,8164,B
SA0094,56.66,6.78,83.19,0,57.52,19939.67,0.3713,-0.5918,79.71,5.68,8945,A
SA0559,60.37,4.64,66.74,1,55.56,21453.33,0.6945,-0.0857,,4.4,7358,A
SA0069,60.67,2.64,83.63,5,72.13,18345.29,0.8262,-0.2942,57.17,5.81,9031,A
SB0023,77.98,8.1,81.1,7,57.33,,0.5271,0.3428,64.35,7.11,5315,B
SA0285,57.33,7.62,68.28,3,58.31,17782.38,0.1083,0.262,74.34,7.06,5396,A
SB0245,77.99,8.9,73.96,3,60.53,25609.7,0.6606,0.2643,61.68,8.1,2604,B
SA0435,47.16,6.2,75.08,1,,20706.95,0.6987,-0.5574,83.72,7.56,7083,A
SA0154,62.29,5.68,75.77,1,75.08,15203.69,0.829,-0.0479,63.41,6.42,2962,A
SA0076,55.76,7.64,76.26,0,66.41,16899.26,,-1.0379,73.46,6.53,4018,A
SB0131,70.85,7.09,74.47,5,67.45,24550.14,0.7563,0.1234,59.19,6.64,6269,B
SA0447,53.88,8.46,60.0,0,74.96,22269.64,0.9122,0.6639,70.99,7.85,9809,A
SA0189,55.06,7.28,64.48,1,78.95,22680.44,0.3644,-1.6907,59.55,6.82,7794,A
SA0272,61.01,8.27,66.78,2,74.76,24075.12,0.3465,-0.2464,70.32,9.0,8967,A
SA0237,59.27,6.35,85.69,3,64.99,20619.6,0.617,0.2927,79.13,6.83,3611,A
SA0488,70.46,7.9,76.23,0,58.27,23905.76,0.8873,0.2821,73.31,5.29,4582,A
SA0118,52.27,6.3,71.32,2,53.64,22355.21,0.5335,0.5011,75.48,7.4,4974,A
SC0044,91.29,17.08,90.88,6,44.36,39454.07,0.7429,-0.1628,40.55,,8273,C
SA0513,57.72,7.62,81.33,0,56.76,14155.12,0.6396,1.0169,67.05,5.97,5179,A
SB0226,77.01,9.93,93.52,2,51.92,16446.72,0.4106,0.2055,45.57,8.01,1531,B
SA0592,67.6,6.29,61.15,2,73.9,11122.52,0.8398,1.828,82.85,6.74,1578,A
SA0127,58.69,7.22,66.37,1,44.08,17735.68,0.6116,-0.7507,81.48,6.24,7250,A
SA0117,50.41,3.58,70.72,2,67.21,23234.71,0.5563,-0.3937,70.48,5.01,6599,A
SA0474,52.99,8.83,64.01,1,56.36,28144.61,,-0.2467,67.19,5.96,1366,A
SB0094,67.27,12.1,82.87,7,65.54,32691.09,0.5873,0.3016,42.81,7.27,4232,B
SA0058,44.61,5.48,76.14,0,76.72,22624.48,0.4216,0.6753,61.32,3.0,1267,A
SB0264,73.47,8.91,77.25,3,55.83,14717.28,0.0792,-1.1936,66.0,7.02,9981,B
SC0013,97.28,13.61,87.89,6,41.05,38170.64,0.2915,-0.2206,42.8,8.08,1486,C
SA0370,55.07,7.08,79.39,0,82.94,15721.63,0.5122,0.2689,69.02,5.29,7555,A
SA0269,62.82,4.08,70.97,5,80.2,16969.4,0.8776,-0.2818,,7.29,5520,A
SA0047,57.45,6.08,75.98,2,59.56,21477.32,0.8197,-0.7835,75.03,6.43,8252,A
SA0350,60.84,7.38,88.74,4,59.09,17750.95,0.8848,1.977,76.65,6.03,4811,A
SA0196,59.35,5.38,70.38,0,56.73,14134.76,0.3707,0.3322,,6.29,8778,A
SC0100,82.53,11.01,,4,48.63,48625.15,,0.9899,48.92,7.45,6322,C
SB0235,73.39,10.44,85.67,2,46.79,28646.3,0.4743,0.6503,50.4,5.43,5228,B
SB0137,71.86,7.48,82.94,5,58.28,12805.65,0.1712,1.7427,66.61,5.02,2514,B
SA0264,58.16,6.2,59.81,0,54.12,20881.3,0.8449,0.8068,84.59,6.26,9536,A
SA0444,43.81,6.75,64.91,1,67.5,19817.65,,0.6564,79.04,6.98,1033,A
SB0076,56.76,9.25,85.0,4,51.38,34957.03,0.8777,0.4803,51.54,7.4,6490,B
SA0305,58.59,8.75,70.23,5,73.47,16577.71,0.6805,0.2736,60.77,7.3,9080,A
SA0342,51.03,8.12,80.74,1,67.95,21874.21,0.6321,-0.3135,69.46,4.82,3391,A
SC0067,78.6,17.2,91.33,6,43.86,27409.75,0.2102,0.108,44.87,7.94,6307,C
SA0150,56.6,5.04,51.08,2,36.32,11323.46,0.8156,-0.3595,70.13,7.77,6804,A
SA0125,55.43,4.82,76.88,1,81.93,19332.25,0.4264,-0.9889,70.46,4.77,2196,A
SB0187,63.26,13.1,83.84,2,40.55,27247.1,0.4598,-2.12,60.0,6.44,3965,B
SA0051,58.29,5.44,68.98,1,45.49,16053.1,0.5787,1.1698,63.14,6.5,4456,A
SA0354,74.91,3.16,78.36,1,69.82,17166.22,0.095,0.2191,84.46,7.82,5418,A
SC0028,86.42,12.07,81.54,4,37.37,43764.65,0.293,0.7173,52.6,6.8,5007,C
SA0143,59.21,6.83,70.75,0,90.36,23588.91,0.8047,-0.5849,72.2,6.26,3592,A
SA0471,48.45,6.01,67.48,2,78.71,20164.76,0.381,-0.9475,73.0,7.34,1807,A
SA0400,64.49,6.43,65.72,3,78.33,18430.86,0.8378,1.326,63.54,6.1,4692,A
SB0026,59.51,,70.35,3,50.56,30798.19,0.4157,0.3144,42.34,7.0,7657,B
SA0321,41.99,8.17,66.13,1,65.47,15537.48,0.4735,0.6385,91.52,7.26,3822,A
SA0020,61.04,6.66,57.18,2,74.7,13618.31,,1.7848,70.31,7.22,8468,A
SB0210,79.18,10.65,80.39,5,71.76,24641.51,0.7429,1.3566,61.26,6.52,7078,B
SB0191,78.92,11.95,76.34,3,58.68,26145.04,0.8413,-0.005,70.99,8.57,7395,B
SB0209,63.92,12.44,,2,70.33,38502.8,0.7961,-0.8732,61.89,6.95,3113,B
SA0408,46.24,6.07,72.94,1,,21107.59,0.7073,-0.9801,,7.12,3111,A
SA0538,53.31,6.85,68.16,3,73.29,23059.56,0.1891,-0.9021,58.1,7.35,2623,A
SB0021,64.36,9.31,77.83,6,48.64,30382.08,0.1141,-0.6921,54.36,6.7,4431,B
SA0039,66.94,5.96,85.14,3,71.76,17077.24,0.4815,0.496,79.13,7.02,6112,A
SA0176,67.98,6.07,63.27,1,75.6,16666.38,0.5837,1.0783,65.46,4.18,4755,A
SA0246,59.33,,69.97,1,25.21,14762.25,0.6853,0.4972,55.73,5.44,8891,A
SB0229,78.96,10.38,88.59,4,51.23,25049.73,0.023,-0.3289,49.18,8.57,6016,B
SB0068,73.62,6.6,86.23,5,57.15,28346.43,0.825,-0.5748,38.71,9.16,6797,B
SB0155,73.78,12.37,76.3,2,54.41,22328.76,0.9196,0.7288,45.42,6.96,3477,B
SB0259,83.67,,78.67,1,53.69,27678.76,0.6222,1.6044,68.79,7.22,3423,B
SA0155,50.32,9.49,81.62,2,,23112.74,0.8457,1.6389,65.87,7.37,9437,A
SA0288,60.81,8.32,81.13,0,70.29,18457.79,0.603,0.1281,74.33,7.48,4941,A
SB0003,65.4,8.19,73.04,4,61.08,25493.67,0.6835,-0.6585,52.92,7.0,9274,B
SA0570,60.54,0.8,76.92,2,81.97,12006.29,0.2699,-1.1067,70.16,4.27,6288,A
SB0144,74.81,9.63,76.17,4,58.76,23083.88,0.6093,0.4325,59.8,8.49,5878,B
SA0018,52.06,7.28,77.71,3,54.34,19971.73,0.4974,0.3683,88.5,,8168,A
SA0128,60.29,4.46,79.63,2,73.36,26177.28,0.7006,-1.4997,73.93,5.33,6147,A
SA0323,58.16,6.96,94.29,0,64.52,24370.64,0.333,-1.0551,60.24,6.31,2095,A
SA0256,52.98,5.09,66.57,1,64.03,18416.41,0.6021,0.6786,88.06,6.97,1776,A
SB0058,66.21,10.36,89.44,5,59.76,27711.91,0.125,-2.4814,38.14,6.15,6115,B
SC0065,82.87,12.96,94.44,3,41.94,26313.08,0.6887,-1.9367,47.05,7.08,1754,C
SA0191,62.44,2.03,83.03,3,69.69,17977.26,0.2732,-0.4308,86.96,7.55,9310,A
SA0116,68.04,10.11,70.59,1,75.63,19356.9,0.7366,-1.0193,65.33,7.15,5935,A
SB0017,67.3,10.78,82.48,1,54.82,32786.97,0.5802,0.482,49.14,6.27,6981,B
SB0007,84.45,10.87,73.85,8,60.8,36853.75,0.4852,0.1547,44.1,6.84,5358,B
SA0181,53.58,7.11,67.84,3,61.29,,0.862,-0.493,73.39,7.38,1770,A
SA0302,57.14,,73.84,4,63.92,15224.72,0.7374,-0.2859,57.38,5.84,9906,A
SB0160,70.48,7.44,87.69,3,65.81,34843.77,0.1696,-0.3986,45.48,7.11,4441,B
SB0113,86.22,8.49,82.53,3,55.29,32924.35,0.4853,-0.471,66.4,6.15,7043,B
SB0124,69.72,10.67,73.71,5,,21398.06,0.5787,-0.1127,,5.67,2353,B
SB0086,63.71,9.72,96.47,5,55.54,32079.0,0.8069,-0.9867,56.02,6.52,9910,B
SC0080,76.71,16.95,95.72,5,43.19,39187.92,0.7813,0.7403,31.77,7.99,5159,C
SA0518,47.6,9.27,70.56,4,47.59,24540.99,0.2626,1.0049,78.01,4.78,1669,A
SC0085,80.51,12.29,94.34,3,59.51,36194.1,0.3953,0.2976,35.52,8.16,5756,C
SA0046,52.25,2.22,60.09,4,76.31,12421.1,0.0782,-0.2651,53.9,6.84,2075,A
SC0010,85.65,11.34,100.0,10,36.19,35287.02,0.7334,-0.4899,15.35,7.85,5908,C
SA0158,61.47,,86.42,1,,21225.09,0.0844,1.6693,70.12,5.13,7200,A
SB0252,80.21,10.58,83.43,4,44.75,25444.24,0.1775,-1.8861,,,4285,B
SA0172,51.64,6.05,69.7,2,64.61,16457.33,0.4301,-0.1961,72.27,5.17,5410,A
SA0017,71.79,8.81,,2,56.97,21288.61,0.3394,0.4352,73.06,3.68,1651,A
SA0512,37.07,5.1,60.12,2,83.54,14867.53,0.7338,-0.6433,67.21,6.15,1693,A
SA0049,78.61,2.83,,0,76.38,8255.83,0.7114,0.1147,70.36,6.69,3703,A
SC0072,76.54,16.55,100.0,4,43.81,29400.3,0.8389,-0.3145,,7.6,5096,C
SC0041,78.58,13.77,95.33,9,46.27,36621.42,0.376,-1.2443,33.87,7.88,2911,C
SA0516,62.27,6.06,76.74,3,74.36,14244.85,0.0405,0.3673,78.13,6.55,3234,A
SC0053,86.15,10.7,89.82,8,46.08,38433.61,0.0969,-0.766,31.89,8.34,6388,C
SA0481,48.48,6.15,68.25,1,74.03,,0.097,1.6237,69.52,5.71,5941,A
SA0284,42.29,,61.26,4,78.58,17783.35,0.6676,0.7053,76.54,4.8,1887,A
SB0119,65.06,13.83,67.65,9,40.15,25325.53,0.1982,-0.1566,39.05,6.79,6273,B
SB0278,69.47,7.87,70.84,6,69.6,29484.03,0.7002,-0.1593,53.91,8.8,1188,B
SA0226,53.02,8.09,82.64,4,76.86,22319.46,0.0707,-0.1,69.74,7.26,8978,A
SA0027,69.54,3.73,70.9,0,55.06,15449.83,0.2509,-0.6425,55.56,7.48,9612,A
SC0055,81.96,13.17,90.24,9,48.81,35513.47,0.76,-0.7676,44.92,6.37,5548,C
SA0438,49.61,7.63,77.6,3,64.14,15553.54,0.9217,-0.1537,,7.83,8285,A
SC0052,91.45,14.27,93.44,3,32.46,29186.85,0.1734,1.3305,60.0,8.51,4339,C
SA0365,73.59,7.32,,3,56.01,14177.84,0.574,-1.3901,80.79,6.21,5586,A
SA0230,67.41,6.66,66.82,2,61.39,17215.07,0.1969,-0.5909,,4.74,4256,A
SA0038,73.85,5.33,68.56,2,86.35,19681.3,0.8509,1.3201,68.87,5.83,5263,A
SC0066,69.81,12.34,91.69,5,47.46,37104.08,0.4829,0.5542,48.6,6.76,9313,C
SA0375,42.2,5.68,69.58,2,64.89,15924.36,0.5481,-1.2057,59.18,5.04,6859,A
SA0470,54.23,7.69,78.12,2,72.6,19678.37,0.6689,0.3993,58.57,7.33,2678,A
SC0068,78.83,14.71,,8,35.28,38009.97,0.8951,-0.0224,38.36,8.11,8072,C
SB0251,71.73,7.45,74.6,3,53.02,18884.29,0.106,-1.7712,59.01,6.04,9182,B
SB0105,63.16,11.3,89.39,5,47.17,14704.25,0.267,0.8399,57.11,6.85,7510,B
SB0242,77.45,11.56,78.88,2,36.81,,0.6745,-1.9028,50.26,8.46,5439,B
SA0195,59.12,2.81,91.12,3,83.18,23433.33,,1.252,61.11,5.43,8192,A
SB0255,55.91,13.57,72.25,6,62.26,,0.7257,-0.2875,52.49,6.18,9279,B
SB0265,68.24,10.53,86.55,5,51.49,25729.47,0.5863,-1.5061,58.46,5.98,8264,B
SA0504,66.73,2.04,,0,79.31,28896.34,0.103,1.3343,60.66,4.43,7935,A
SC0070,83.6,14.02,92.08,3,38.42,28520.85,0.6062,-0.8056,41.67,9.48,7379,C
SB0231,59.05,10.57,83.13,4,68.54,38156.74,0.7766,-0.562,64.93,4.28,7095,B
SA0580,72.4,5.62,72.96,1,75.83,15956.4,0.7064,0.6532,70.07,8.02,1562,A
SC0069,87.69,14.96,100.0,5,50.72,39448.84,0.631,1.8554,33.62,6.46,9117,C
SA0163,51.02,9.93,71.58,2,76.19,16061.12,0.336,-0.2735,71.05,7.36,2123,A
SC0009,94.06,15.11,98.2,6,41.95,33024.94,0.588,-0.2488,48.73,7.71,8802,C
SA0153,48.72,4.28,76.85,2,46.78,22799.07,0.6569,-0.8333,59.75,7.17,3975,A
SB0202,61.15,7.47,75.01,5,50.28,22348.3,0.4673,-0.6574,78.68,,2980,B
SC0094,100.0,12.4,78.66,5,43.85,29482.78,0.1115,0.5332,53.76,8.08,2229,C
SB0156,69.04,14.04,87.71,6,49.61,20532.86,0.2229,-0.4909,41.41,6.76,2560,B
SA0112,42.83,1.79,89.77,0,85.02,25040.38,0.5523,0.1334,70.25,5.74,6084,A
SA0227,60.92,5.43,71.02,2,81.48,25391.06,0.9482,1.1665,67.35,5.38,6987,A
SB0089,85.67,9.74,77.26,2,64.31,31807.35,0.2411,-0.7141,48.44,6.26,8832,B
SA0104,45.55,5.69,71.37,1,54.6,24364.08,0.2777,-2.1895,53.22,5.21,6036,A
SA0422,53.15,5.62,66.53,2,51.61,24742.02,0.3674,-0.3246,88.76,5.61,7044,A
SA0420,47.3,9.02,77.2,4,93.55,24514.33,0.7102,-1.0864,64.68,6.67,7099,A
SB0151,60.96,10.15,72.87,2,54.4,25055.55,0.2147,0.7866,54.2,7.29,7323,B
SA0587,67.09,6.57,,1,,20339.95,0.5346,-0.7512,75.72,6.52,7203,A
SB0181,69.75,9.45,89.16,1,60.85,27053.14,0.6668,-1.1599,,7.29,6845,B
SB0073,90.57,9.52,86.9,8,66.56,25824.3,0.9103,1.2817,37.34,4.64,3295,B
SA0120,65.09,6.46,70.11,0,59.11,23236.02,0.6288,0.7001,60.26,6.17,5985,A
SA0054,58.5,6.71,73.66,2,48.08,9005.8,0.7666,0.4328,,7.94,5154,A
SA0152,52.96,8.61,72.2,2,62.57,17029.75,0.6834,-0.9979,70.11,7.62,1924,A
SA0404,54.92,7.42,81.88,0,65.96,13446.98,0.1123,-1.0952,63.78,5.22,1566,A
SC0046,84.63,11.88,79.39,7,37.51,34715.15,0.0775,1.2361,35.06,7.71,2351,C
SA0208,61.96,7.3,74.3,1,64.54,15354.32,0.7668,1.4936,91.83,4.96,8092,A
SB0059,75.99,7.64,84.14,1,65.3,22318.62,0.5365,-0.8834,73.94,5.33,4215,B
SB0244,85.87,13.21,92.62,6,63.2,33038.28,0.9086,0.1159,60.78,6.2,1870,B
SB0163,87.65,9.66,82.21,4,40.71,25158.58,0.6049,-1.3704,,8.28,1997,B
SA0009,55.15,4.46,78.16,2,75.46,14440.71,0.3044,-1.7002,70.68,6.22,9204,A
SB0208,81.25,11.88,80.2,4,40.7,13410.38,0.6947,0.9874,61.26,6.73,4080,B
SA0037,65.74,7.87,65.02,1,55.58,18998.62,0.0877,1.1546,86.46,6.91,1203,A
SA0453,60.21,8.47,71.59,1,78.4,11090.21,0.3791,0.2052,64.32,3.78,5311,A
SB0052,65.25,13.22,92.29,3,69.31,27117.73,0.3645,-0.8961,53.76,5.8,7581,B
SA0254,64.88,6.1,78.39,3,76.06,19650.54,0.2723,0.9523,69.19,6.95,6222,A
SA0304,61.85,10.44,71.85,2,63.41,18117.3,0.1927,-0.368,79.98,7.16,3477,A
SB0147,62.12,6.56,,8,58.68,24547.33,0.067,1.0666,55.0,7.89,8594,B
SA0572,51.95,3.42,78.0,4,72.75,14219.76,0.4545,0.2341,65.3,6.64,7547,A
SB0024,64.62,,72.05,3,38.03,23404.21,0.5691,1.1005,38.87,6.71,6969,B
SB0133,70.3,10.41,,5,53.32,28427.58,0.056,1.0004,62.96,5.85,4972,B
SB0292,85.88,7.07,87.04,4,86.75,8537.08,0.1991,0.4986,51.84,8.03,1937,B
SA0263,77.0,10.61,85.99,0,65.11,14530.88,0.1868,-0.6798,88.71,3.89,8503,A
SB0011,61.84,11.89,81.97,5,45.38,22724.03,0.1725,1.3428,45.92,7.37,6022,B
SA0298,54.74,5.83,78.01,0,66.33,24357.88,0.4688,-1.1841,79.0,7.59,4018,A
SA0415,63.31,7.96,92.29,2,48.43,12454.89,0.6747,0.9493,63.5,9.62,3358,A
SA0151,58.9,3.9,72.18,2,71.12,26585.84,0.1766,1.4203,76.75,6.19,9673,A
SB0189,67.05,7.3,88.47,3,48.31,26184.66,0.496,0.9632,56.78,10.0,4955,B
SB0041,76.92,12.03,78.68,3,42.86,23031.89,0.7025,0.9639,48.66,7.41,8908,B
SB0290,49.36,10.89,72.59,5,61.27,33414.2,0.1046,-0.1602,46.09,7.54,1969,B
SA0551,49.15,4.69,79.45,1,57.49,15824.44,0.898,-0.2299,68.85,6.97,9295,A
SB0287,68.64,7.97,75.35,4,60.54,11459.16,0.3853,-2.7044,28.08,8.21,6578,B
SA0489,69.46,3.21,73.31,2,,,0.5201,-0.4723,82.23,5.06,2300,A
SA0148,72.08,7.71,80.44,2,64.57,,0.6566,0.3541,52.63,7.21,3885,A
SA0147,59.5,8.42,81.07,3,69.95,10097.47,0.477,0.1526,58.69,5.67,7066,A
SB0121,69.75,6.65,89.23,6,55.01,37623.87,0.4913,-0.2187,52.38,5.44,4584,B
SC0032,81.74,15.22,,10,24.97,27579.43,0.6461,0.724,48.55,7.67,2563,C
SB0140,78.45,9.65,72.0,0,69.95,16631.76,0.4038,0.0164,71.28,8.24,4441,B
SB0060,91.04,9.26,96.12,2,49.15,21050.76,,-2.0771,53.5,,2266,B
SA0349,51.34,5.59,66.13,0,84.22,22104.49,0.1375,-2.3204,76.34,7.39,2699,A
SA0464,60.17,8.26,60.54,2,69.69,21797.83,0.8198,0.7486,69.29,4.91,8456,A
SA0326,39.72,4.03,72.83,5,62.3,19556.71,0.5713,-1.0416,78.07,7.01,5299,A
SA0187,67.72,5.98,52.54,2,76.35,18234.33,0.6219,-0.3904,73.71,6.31,6014,A
SA0124,60.29,3.86,71.68,3,52.3,19909.55,0.4094,1.4979,58.25,6.98,7688,A
SB0254,61.79,9.52,79.47,8,64.38,10752.5,0.8767,-0.605,61.11,8.9,4119,B
SB0009,77.91,15.51,78.8,8,73.17,28547.63,0.644,-0.0171,54.48,6.8,9712,B
SA0144,52.22,6.07,70.5,3,50.72,13039.34,0.9025,-0.0326,75.23,6.3,1939,A
SC0059,90.82,14.74,93.47,3,32.45,42558.64,0.1608,-0.2143,53.54,7.86,4019,C
SA0198,48.16,6.16,75.84,4,72.85,23153.32,,-1.3861,69.23,6.15,3096,A
SB0010,74.97,7.93,80.25,1,53.01,24381.95,0.776,-0.1097,50.66,8.77,2811,B
SA0280,53.85,5.0,84.75,1,63.8,21055.96,0.5608,0.6254,73.53,6.7,7853,A
SA0294,58.98,5.8,62.49,1,59.05,19830.51,0.2126,0.5127,61.18,5.54,6341,A
SA0401,66.47,8.04,84.13,1,56.8,9485.34,0.1463,0.5937,43.78,5.47,1154,A
SA0123,65.28,4.57,62.8,1,54.68,21965.26,0.8934,-0.5129,55.31,6.06,9877,A
SA0184,51.24,5.47,77.56,1,55.34,17279.79,0.3734,1.806,89.96,5.02,8913,A
SA0203,54.29,5.76,52.84,0,67.28,21144.81,0.5126,-1.0485,80.11,6.86,9389,A
SA0439,46.63,5.46,65.97,3,79.63,15352.5,0.9269,-0.386,66.79,6.0,5938,A
SA0247,56.78,8.37,77.24,3,70.62,11657.56,0.1398,0.4845,81.78,4.65,8756,A
SA0416,57.94,8.95,89.03,3,64.09,26970.86,0.9174,-0.6817,53.79,8.93,8676,A
SC0033,93.74,15.09,94.34,3,52.82,31312.23,0.2076,0.0273,,8.02,5819,C
SB0166,75.06,10.66,85.18,3,56.72,31832.73,0.4985,-1.1151,47.77,7.7,9314,B
SC0007,83.23,11.86,83.75,6,44.09,38961.09,0.8918,0.4555,37.37,7.76,4494,C
SB0236,78.48,10.12,75.42,7,63.19,27438.82,0.8487,-1.773,71.97,7.65,4494,B
SB0288,80.0,9.81,91.43,4,50.01,,0.6948,-0.2482,63.24,7.05,1779,B
SA0130,55.25,7.51,68.82,0,66.91,21930.99,0.3483,-1.1586,83.88,6.28,7501,A
SB0038,78.31,12.73,80.39,4,52.23,,0.931,1.5547,63.56,6.18,2056,B
SA0403,52.72,6.35,85.76,0,75.94,16630.99,0.2066,-2.4622,86.32,4.97,6108,A
SB0185,79.63,11.51,77.33,4,51.53,21088.73,0.4096,-1.2819,57.97,7.24,6080,B
SB0171,68.35,,,2,46.3,26827.31,0.9376,-0.0413,79.26,7.44,2533,B
SB0136,73.34,5.62,75.92,4,44.55,20872.86,0.6925,0.5019,56.63,6.34,5330,B
SC0014,78.29,12.97,93.83,5,46.84,33376.65,0.6033,0.164,18.12,8.59,4092,C
SA0220,41.06,4.12,65.26,1,51.4,22492.27,0.4443,0.6209,77.42,5.46,2621,A
SB0042,61.63,8.42,84.57,2,67.15,12809.78,0.5626,0.0273,54.91,7.53,6852,B
SC0016,88.9,11.09,92.61,5,38.15,30420.28,0.9173,1.3469,61.38,8.36,7064,C
SB0153,82.24,8.0,96.71,5,,24140.14,0.6049,0.9305,67.37,7.48,8498,B
SB0207,62.2,8.68,72.95,6,72.88,39947.79,0.1087,-1.71,,7.9,6518,B
SC0020,88.54,9.74,80.3,2,33.43,33773.19,0.8349,-3.3223,30.04,8.57,2731,C
SB0025,70.69,10.64,85.65,4,53.85,29508.19,0.3907,-0.5128,70.58,6.11,5955,B
SB0275,83.16,13.79,88.62,2,48.6,16302.72,0.3539,0.4096,65.46,7.28,4024,B
SB0161,75.13,11.15,79.82,5,55.6,25139.65,0.8809,0.2149,49.97,6.72,1275,B
SA0387,44.33,5.55,77.55,0,68.71,19379.28,0.2653,-2.2567,80.85,7.03,6310,A
SC0073,85.37,13.19,,10,37.9,35306.65,0.4334,1.3285,54.87,8.55,9715,C
SA0510,65.13,7.41,64.61,2,58.88,26179.95,0.7012,-1.4231,77.64,8.14,1079,A
SA0268,48.24,5.5,61.93,3,69.0,23191.78,0.779,-0.0207,74.62,6.47,1186,A
SB0220,74.02,10.27,78.49,2,72.37,29164.0,0.0301,-0.39,54.59,7.73,1001,B
SA0442,58.87,7.62,59.21,4,74.17,,0.2947,1.0614,52.16,7.52,2520,A
SA0497,59.51,4.4,82.3,4,67.17,15076.05,0.6931,-0.9864,83.58,6.23,2041,A
SA0113,54.6,3.3,89.27,1,67.94,17353.53,0.7939,-0.4725,86.36,5.33,5169,A
SB0092,65.26,6.88,83.24,3,51.89,29977.27,0.5126,1.4876,51.11,6.78,9191,B
SA0233,37.74,6.75,82.16,4,96.65,21009.19,0.6735,0.312,87.35,6.54,5295,A
SB0270,69.7,7.71,84.98,3,57.59,25537.69,0.6754,-0.5436,47.57,7.24,5688,B
SB0008,61.92,10.89,94.74,1,61.74,24453.05,0.6502,1.355,65.69,,5850,B
SB0072,75.49,13.82,92.94,4,,30947.08,0.3754,-0.268,50.08,8.24,4377,B
SA0374,68.92,5.87,74.33,0,79.38,20456.49,,-0.1231,81.49,5.02,7443,A
SC0082,79.52,17.37,95.12,1,33.79,32866.42,0.034,1.1661,46.16,6.47,4750,C
SB0243,76.69,11.95,88.85,4,46.27,24999.14,0.4025,0.1809,55.64,,4678,B
SA0234,50.79,8.24,76.83,1,78.93,15569.21,0.8724,1.166,65.85,6.25,9643,A
SB0186,64.7,14.58,76.97,2,50.54,25895.12,0.9207,0.4559,56.18,6.99,6184,B
SB0077,70.78,9.78,88.53,1,50.71,26547.25,0.0741,-2.3291,62.29,7.37,1904,B
SA0318,43.13,1.55,59.96,2,71.83,20650.07,0.9499,-2.0188,74.8,6.94,2839,A
SB0049,72.47,12.34,85.35,4,42.83,20042.99,0.7097,-0.8813,58.89,7.74,3702,B
SA0411,32.2,6.41,71.99,0,70.3,18252.95,0.6732,-0.773,86.64,5.77,2637,A
SB0299,71.87,12.98,93.43,6,60.72,28147.89,0.1194,1.6704,,7.59,1464,B
SB0110,74.76,6.93,87.02,3,56.94,17558.01,0.5449,-0.7298,41.6,8.92,8050,B
SA0359,46.11,4.09,62.01,0,81.03,24833.08,0.0618,-0.5911,51.19,6.3,7401,A
SA0259,50.94,7.91,73.73,0,79.1,23711.78,0.0233,0.5127,73.66,7.84,1850,A
SB0145,77.07,12.1,79.53,3,52.26,18954.06,0.4647,0.7266,50.87,5.04,7491,B
SB0028,72.12,7.68,85.99,3,56.95,20851.28,0.869,-0.96,66.58,5.27,6960,B
SB0033,70.11,10.05,76.02,6,55.96,25522.67,0.7193,0.9107,66.54,7.25,3765,B
SA0283,54.58,7.32,58.27,4,71.14,23842.94,0.3997,0.1454,70.46,5.63,6774,A
SA0377,55.25,7.02,,0,72.92,14790.03,0.2058,-1.2932,74.47,3.13,4767,A
SA0385,62.26,6.54,54.62,4,80.73,23433.24,0.284,0.6166,69.63,6.04,1149,A
SA0225,68.98,7.64,70.38,2,80.94,26736.52,0.6146,-0.6474,66.43,4.67,1203,A
SC0054,91.1,17.41,95.91,6,40.81,42355.97,0.8699,-0.4922,57.9,8.77,4092,C
SB0215,65.68,11.53,86.88,1,33.16,32288.73,0.8502,0.0149,57.09,7.14,9399,B
SA0473,71.86,5.88,74.26,1,71.55,17790.73,0.4272,-0.4234,59.12,6.71,6271,A
SA0348,65.95,5.61,73.8,2,65.28,20315.0,0.1024,-0.0618,68.04,5.7,7559,A
SA0506,66.55,5.41,67.11,4,60.54,11762.97,0.7769,0.4808,70.15,5.97,6287,A
SB0040,78.89,16.08,83.3,2,61.57,24731.31,0.1784,-0.794,38.12,6.94,6671,B
SC0088,98.53,13.41,89.15,8,43.67,25733.14,0.7635,-0.5616,18.15,8.29,9084,C
SC0029,93.12,17.43,91.64,7,36.91,39619.29,0.5714,0.6345,38.83,7.61,4507,C
SC0006,100.0,12.47,91.82,4,38.21,33999.31,0.0734,0.3928,33.21,,5503,C
SB0020,65.87,12.59,75.11,3,49.62,24308.0,0.3027,-1.3178,,7.66,4696,B
SB0256,78.62,4.96,86.79,1,53.98,33243.25,0.2317,-0.1449,65.4,5.3,8649,B
SB0204,60.69,9.71,88.06,2,57.26,23553.51,0.5809,-1.0642,51.94,7.04,6503,B
SB0046,62.38,10.79,78.47,5,46.96,29344.2,0.0924,0.3743,40.69,6.14,6599,B
SB0247,77.59,11.23,86.83,3,40.37,24734.15,0.1346,-0.2853,56.82,7.2,2377,B
SA0557,72.03,5.1,80.63,2,56.0,,0.5404,0.1273,72.44,6.55,9558,A
SC0058,82.44,12.02,86.84,7,50.21,33273.99,0.4908,0.7749,45.22,8.13,5762,C
SA0578,41.83,5.54,87.4,3,78.48,13599.01,0.5456,-0.1573,63.24,4.57,7851,A
SB0196,58.79,6.73,81.62,3,49.3,25321.17,0.017,-2.1555,45.95,6.87,2576,B
SA0086,55.45,7.83,77.18,2,92.97,19108.02,0.5699,-0.1546,82.49,5.15,5234,A
SA0243,50.64,5.76,86.98,2,82.63,20644.75,0.9202,-0.2723,71.57,5.42,3763,A
SB0099,76.97,10.29,78.04,5,,24884.76,0.937,2.323,48.11,7.03,6286,B
SA0160,58.49,3.53,76.54,3,80.52,13723.77,0.4433,-2.7746,73.27,6.37,8187,A
SA0525,57.55,4.55,65.78,4,58.73,12816.97,0.6063,-1.1196,89.44,7.51,7838,A
SA0036,59.48,5.7,77.94,2,66.53,12414.58,0.6555,-1.5591,53.87,5.07,1009,A
SA0541,59.68,4.41,61.88,1,73.91,18316.34,0.6583,-0.6175,68.01,3.0,4686,A
SA0171,63.62,6.33,86.94,2,72.18,17136.92,0.0133,-0.506,54.71,7.7,5804,A
SB0055,69.54,7.36,,3,58.84,30225.61,0.563,-1.5226,53.1,6.91,4779,B
SB0291,74.46,7.28,79.0,3,33.68,33653.24,0.4644,0.3116,46.5,6.52,4744,B
SB0258,86.3,10.38,77.94,3,49.95,31653.19,0.8519,-4.4176,47.06,7.98,5954,B
SB0248,73.09,8.87,78.37,2,69.26,31470.29,0.173,1.445,52.99,6.77,7846,B
SC0045,79.59,12.98,87.64,10,25.75,45437.18,0.5751,-2.3476,28.67,6.51,4004,C
SB0134,74.63,,75.91,5,57.73,28193.35,0.591,-1.7075,66.47,6.1,1912,B
SA0096,47.0,8.68,70.44,2,61.82,23347.35,0.7593,0.6765,80.73,5.51,3740,A
SA0564,67.18,4.5,73.32,4,79.98,,0.8368,-0.3669,56.67,7.11,9839,A
SA0241,61.08,8.16,75.35,2,51.71,12486.26,0.5759,0.4053,70.29,5.24,1440,A
SB0143,76.53,12.83,79.53,8,66.43,30581.59,,1.6395,59.07,6.92,6989,B
SA0575,68.34,5.46,73.22,2,71.01,17572.99,0.2723,0.2883,69.42,4.86,8557,A
SB0091,74.25,10.3,84.19,8,47.56,35054.65,0.301,0.2136,49.09,6.67,9762,B
SA0461,76.69,6.07,69.45,2,61.4,20227.83,0.2778,-0.2501,73.77,6.99,2819,A
SA0554,61.26,5.03,70.73,2,73.72,19108.65,0.8941,-0.8309,48.6,6.19,4994,A
SB0289,72.78,11.72,,4,50.3,19816.82,0.4369,-0.4985,57.37,7.61,2828,B
SA0207,65.26,8.27,65.18,1,74.3,12856.33,0.5953,0.3458,68.51,5.12,8568,A
SA0393,38.69,5.13,76.52,1,68.97,23933.42,0.4979,0.1441,61.58,5.7,5281,A
SB0195,81.28,9.45,99.86,5,63.76,28528.06,0.3357,-0.0565,48.64,7.89,4379,B
SA0398,62.77,6.67,68.67,3,86.92,17186.5,0.4339,-1.0046,81.64,6.89,9266,A
SB0167,70.1,9.24,73.03,4,65.47,,0.3866,-1.0918,57.09,7.41,3606,B
SB0249,72.92,5.05,86.37,3,59.31,9717.68,0.4751,-0.1489,62.16,7.48,2013,B
SA0218,61.26,7.01,67.04,1,49.61,13783.2,0.1773,-0.4553,77.65,6.9,8901,A
SA0005,66.28,5.83,63.52,1,95.41,20700.5,0.9045,0.6803,65.22,7.21,1727,A
SB0169,68.11,10.46,80.94,5,66.54,22380.06,0.4816,1.0423,65.69,7.14,3097,B
SB0043,73.52,5.73,84.59,6,61.04,38373.07,0.2157,1.9321,52.69,7.59,1088,B
SC0030,74.17,11.19,92.17,8,46.03,34716.64,0.511,-0.5655,39.28,7.45,8093,C
SB0013,62.17,11.04,,5,64.37,20750.79,0.4305,-1.0549,52.76,7.39,1327,B
SB0139,73.69,11.02,83.82,5,58.18,27010.0,0.3163,-0.0609,72.14,7.24,2511,B
SA0547,47.18,4.87,77.76,2,50.3,20743.64,0.4962,-0.1862,85.07,7.63,2155,A
SB0126,75.36,8.06,79.98,4,48.99,26849.81,0.7146,0.7978,55.71,7.0,2515,B
SB0084,56.56,10.56,79.84,3,49.43,27683.5,,0.9716,54.39,7.1,6630,B
SA0099,65.44,10.41,56.75,1,82.55,15752.53,0.6188,0.7128,62.65,5.25,5682,A
SB0205,66.12,7.46,84.09,3,55.26,,0.5381,-1.0701,57.78,5.85,6116,B
SB0128,59.71,6.32,78.3,6,57.65,16287.04,0.8305,-0.7495,49.21,4.65,6208,B
SA0574,50.69,4.48,87.21,3,62.32,25766.77,0.5454,0.7726,62.16,7.33,6136,A
SA0407,68.07,5.3,71.15,3,80.31,9726.05,0.5226,-0.2489,79.11,6.49,4995,A
SA0503,64.64,4.09,70.51,4,61.84,20119.2,,0.0483,48.99,4.93,8841,A
SA0048,54.46,7.03,,4,91.24,16005.47,0.0993,-1.0977,62.72,4.49,8837,A
SA0033,69.04,5.32,67.98,2,72.97,14018.28,0.9254,0.1985,63.57,5.21,1837,A
SB0180,73.55,11.37,78.48,5,45.42,25531.12,0.5024,1.3344,56.82,8.21,6802,B
SB0240,67.73,12.17,78.1,2,46.86,28300.27,0.7399,-0.1884,50.22,8.03,4038,B
SA0201,49.57,5.61,62.87,1,62.44,12630.82,0.7413,0.0459,57.4,5.73,2371,A
SA0135,56.25,5.31,64.03,0,83.92,26660.96,0.5975,1.9035,76.86,6.58,8799,A
SA0028,67.67,3.85,71.91,3,73.18,30046.48,0.0554,0.2766,47.83,3.75,6529,A
SB0281,78.47,12.8,70.14,1,,24308.42,0.762,-0.5819,40.49,,3025,B
SA0231,58.29,3.63,68.2,2,60.82,11342.83,0.9042,-0.2487,62.17,5.58,6459,A
SA0490,49.78,5.0,75.17,0,67.43,20193.36,0.5847,0.0568,65.42,6.0,6957,A
SB0173,67.32,8.73,86.86,2,41.98,24263.15,0.4802,-0.5273,57.37,6.14,4637,B
SA0379,44.79,4.18,66.2,0,81.49,21067.84,0.9419,1.298,69.34,5.96,3656,A
SA0289,48.54,6.73,73.53,2,71.17,25324.32,0.5029,0.4401,73.39,7.34,9327,A
SA0419,51.91,4.2,75.45,3,64.69,22883.58,,-1.6929,71.38,8.8,2122,A
SB0075,86.88,6.08,71.08,0,45.52,22331.81,0.2323,-0.6536,73.03,6.8,7166,B
SA0392,57.55,8.22,62.27,0,63.68,16960.67,0.5117,-0.4831,63.39,6.68,8008,A
SA0593,64.77,7.54,81.66,1,55.04,12566.64,0.4309,0.3031,69.31,8.19,8970,A
SA0499,52.42,4.19,66.86,4,77.43,16171.94,0.2219,-0.1716,66.06,5.93,6917,A
SA0139,66.97,4.74,62.93,4,72.78,22273.92,0.1476,-0.3092,79.25,6.79,2702,A
SA0063,55.15,2.6,74.2,2,60.92,28026.41,0.5285,-2.266,68.49,5.97,2566,A
SA0472,39.16,8.53,87.44,1,,13113.81,0.0796,-0.0871,56.78,7.18,7106,A
SB0048,67.46,9.48,91.24,1,42.77,20712.28,0.8287,0.2463,37.54,7.11,9894,B
SA0129,76.01,8.7,71.33,4,56.5,19767.93,0.2279,-1.3629,65.21,5.73,4300,A
SC0077,87.03,10.72,88.74,2,50.64,40882.27,,-2.1329,46.88,7.74,2159,C
SA0521,49.45,5.19,66.8,2,52.21,21360.6,0.136,-1.074,69.46,5.97,5544,A
SB0239,79.58,9.01,74.37,3,84.27,36404.72,0.7419,-0.4253,64.32,7.07,9260,B
SC0063,88.74,13.94,94.64,3,41.97,35348.56,0.105,0.3953,46.59,7.78,3820,C
SA0065,45.07,2.78,,0,57.57,15803.55,0.8298,-0.0719,69.9,6.6,8137,A
SB0213,86.77,8.43,80.8,6,64.13,26482.47,0.4316,-1.295,49.76,5.71,8295,B
SA0015,67.0,10.36,64.72,0,88.69,25688.59,0.9004,0.4627,70.82,6.25,2024,A
SA0157,57.2,6.6,53.04,4,,19760.88,0.2678,1.198,63.04,7.2,3737,A
SA0041,64.55,7.35,87.21,3,65.37,,0.0146,-0.4752,87.23,9.12,8514,A
SA0493,74.53,4.95,75.57,3,79.5,,0.0672,0.2046,83.21,6.47,8062,A
SA0380,47.42,5.23,68.65,3,38.06,12458.61,0.0488,0.557,69.63,3.12,3813,A
SA0188,55.04,4.39,70.84,2,77.48,9749.52,0.1212,-0.4204,55.03,5.31,1587,A
SB0164,65.28,9.88,82.19,1,65.32,21781.16,,-1.1097,44.55,8.29,6011,B
SA0217,54.64,5.47,71.16,1,54.41,25813.13,0.2796,-1.3095,66.02,6.12,9909,A
SB0192,62.75,11.31,75.48,5,42.59,27246.85,0.4402,0.4996,48.37,6.1,8893,B
SA0053,58.25,5.99,63.95,1,55.63,,0.579,2.0549,,8.53,1419,A
SB0279,77.21,5.47,80.46,4,65.81,31415.2,0.3248,0.2831,37.13,6.92,4658,B
SA0338,71.21,8.2,62.87,2,99.35,21743.3,0.5957,-0.9386,73.2,4.73,1397,A
SB0149,64.48,11.24,86.23,2,49.72,33311.5,0.1243,0.6398,54.15,8.51,5874,B
SB0120,80.56,9.48,92.03,6,60.19,22402.79,0.6063,0.3541,48.1,7.74,4721,B
SB0125,78.36,12.7,83.73,5,58.71,31857.86,0.3,-0.078,64.14,6.69,7328,B
SA0296,66.14,10.23,83.29,1,67.74,11218.39,0.2057,2.5778,77.94,5.5,5626,A
SB0102,66.02,6.4,91.54,9,70.44,40636.65,0.2631,-0.2041,72.77,7.07,5845,B
SA0252,33.12,4.7,78.88,1,66.36,14760.18,0.0186,-0.0959,56.98,5.51,5401,A
SB0127,78.9,12.1,78.2,3,62.27,30965.25,0.5277,-0.7196,,6.19,7561,B
SA0462,42.73,5.34,85.1,3,74.21,9102.75,0.5364,-1.6278,82.27,,4867,A
SA0456,60.03,4.66,84.52,3,55.77,20245.29,0.5041,-0.9549,82.52,5.89,6994,A
SC0097,75.01,14.63,90.95,3,44.93,44952.69,0.1369,0.5179,47.2,8.21,2316,C
SB0216,74.71,14.33,74.85,7,51.44,29292.53,0.6636,-0.9226,41.75,6.0,2870,B
SB0263,67.93,13.22,77.15,5,79.03,24747.69,0.3824,1.5196,52.22,6.42,6096,B
SA0270,53.6,5.85,54.52,1,39.57,18974.47,0.1711,0.4828,66.92,7.77,4181,A
SA0202,50.72,9.11,67.76,2,65.71,20092.35,0.289,2.0184,82.77,4.44,6457,A
SA0162,56.14,3.98,78.7,2,86.38,14950.29,0.0356,-1.0446,75.11,6.67,2494,A
SA0556,61.48,5.88,59.23,4,62.79,20756.82,0.3706,0.7793,80.08,8.31,7749,A
SB0130,56.44,13.84,83.11,3,50.84,25720.84,0.8431,0.7983,70.27,9.3,7990,B
SA0402,51.22,2.92,84.1,1,58.29,13836.96,0.7103,1.3274,71.2,6.16,4506,A
SB0103,66.62,6.86,72.27,5,72.06,33935.05,0.5622,1.5738,69.46,7.99,2909,B
SA0477,57.23,,82.57,0,42.47,12997.1,0.7425,0.2161,74.72,7.55,4036,A
SB0222,73.51,10.15,76.09,4,45.47,30446.35,0.408,0.1221,59.6,6.16,8587,B
SB0172,73.09,13.43,85.66,8,53.75,27275.53,0.0958,-0.5607,54.17,6.57,2848,B
SA0106,61.24,5.48,64.94,0,61.48,10233.87,0.5857,1.8543,77.9,5.83,9114,A
SA0566,66.21,8.07,63.66,3,71.16,17589.66,0.2129,-0.5239,92.65,4.77,7604,A
SA0390,67.15,,68.94,0,65.98,16114.87,0.5664,-1.253,52.56,5.64,9285,A
SA0002,54.69,7.46,,1,60.22,21269.31,0.4874,-0.5856,54.84,7.48,1659,A
SC0038,83.69,14.08,88.57,6,59.75,16534.43,0.2051,0.0976,33.84,9.44,2057,C
SC0083,87.45,9.85,84.39,5,37.89,,0.0485,-0.86,,7.7,2238,C
SA0562,67.67,3.46,74.42,2,77.17,12748.57,0.3444,-1.2338,79.65,5.71,2209,A
SA0081,52.42,11.5,67.27,4,80.46,21725.78,0.7266,-0.173,47.22,5.6,4289,A
SA0206,73.5,5.71,66.26,2,56.53,10464.05,0.3923,-0.0191,68.16,6.18,1218,A
SA0035,54.67,7.43,68.2,0,78.02,10443.68,0.6913,-0.8688,72.97,,1982,A
SB0176,75.95,12.76,78.09,3,60.57,29379.87,0.2381,-0.0589,39.98,5.53,5149,B
SA0509,53.22,5.32,67.57,2,78.21,9900.55,0.5987,-0.2218,70.54,5.14,1092,A
SA0428,62.8,5.54,73.03,2,,20403.58,0.2248,-0.039,79.97,5.05,4448,A
SA0455,70.98,6.34,60.24,4,79.22,16143.09,,-0.7576,60.97,7.02,3813,A
SA0367,67.84,5.8,64.71,4,70.6,,0.6262,0.2345,75.84,7.25,9624,A
SA0092,59.36,6.32,79.86,1,72.6,19083.36,0.8942,0.7645,79.93,,2879,A
SA0340,41.71,4.88,79.4,0,52.48,18626.19,0.6007,-0.8964,79.69,6.21,9693,A
SB0298,54.4,8.79,83.11,6,47.44,42002.28,0.4336,-0.6596,66.58,7.39,4752,B
SA0565,54.33,5.39,55.76,2,78.71,20667.69,0.1176,0.5831,69.56,7.27,8318,A
SA0346,52.9,6.65,57.64,3,68.5,23386.29,0.3281,1.2386,55.34,5.75,1283,A
SB0177,82.83,,79.3,6,65.03,27788.29,0.7328,-0.7883,58.16,6.99,4676,B
SA0242,68.61,6.75,68.61,3,79.15,21797.92,0.67,-0.3553,68.27,5.79,2963,A
SA0014,51.96,5.4,68.61,1,51.69,12660.53,0.5973,0.4278,80.45,5.01,2190,A
SA0316,54.49,2.32,74.76,0,92.92,17348.06,0.8675,0.7284,60.08,6.8,3340,A
SB0001,75.46,9.74,76.42,5,58.58,29663.48,0.1305,0.3951,64.46,8.19,6101,B
SA0388,52.58,0.95,75.41,5,75.35,15196.36,0.118,0.4562,77.17,6.42,5255,A
SA0274,58.62,4.8,55.84,1,71.37,13586.1,0.2217,-0.1619,62.81,5.96,1995,A
SA0167,59.98,4.94,73.2,0,56.56,14584.27,0.3653,1.0235,72.68,6.98,1365,A
SB0241,85.91,10.04,87.03,5,57.91,25138.77,0.1291,-0.3404,39.26,8.43,3451,B
SC0093,94.36,12.85,82.28,5,31.24,27295.67,0.259,-1.1252,23.2,8.3,3814,C
SB0047,79.01,,90.88,4,49.31,,0.2957,2.6212,52.39,6.58,2984,B
SB0219,75.53,7.08,72.94,3,50.95,32411.74,0.7121,-0.0793,65.34,7.65,3514,B
SA0485,48.05,2.95,59.7,2,44.39,13211.79,0.2593,-0.6778,61.91,7.35,5265,A
SC0081,86.36,15.13,99.6,4,37.25,21776.9,0.6436,-1.2701,37.73,7.0,7842,C
SA0505,72.03,5.36,65.69,3,93.27,21051.75,0.5119,0.7581,79.23,6.49,1220,A
SB0232,79.9,11.75,79.03,2,44.79,27707.28,0.463,-0.2181,70.32,7.44,8887,B
SA0244,67.76,7.38,71.35,1,66.2,23333.18,0.1041,-0.2636,73.45,7.71,1638,A
SA0567,71.05,4.57,82.39,3,68.23,19529.16,0.5836,-0.3283,79.07,4.46,7837,A
SB0276,65.44,9.08,77.98,2,51.56,25620.97,0.7505,-1.1119,42.91,7.69,5686,B
SA0563,64.42,8.62,74.3,4,50.83,13956.03,0.6792,0.6258,66.0,6.52,5592,A
SB0087,84.15,10.17,,2,44.66,14912.99,0.4326,0.2813,55.89,7.56,9247,B
SA0190,71.65,4.42,75.26,2,84.84,18084.03,0.3415,0.7936,77.66,8.23,2606,A
SB0183,81.87,12.18,79.73,2,50.11,28322.91,,-0.6494,51.68,8.61,6347,B
SB0100,80.81,,84.19,4,54.79,24280.61,0.107,-0.832,51.34,5.55,5857,B
SA0476,61.04,3.56,83.24,2,46.47,10138.79,0.6269,-2.1238,68.37,8.55,9234,A
SB0082,77.36,12.56,93.03,6,49.07,18420.75,0.1211,-0.0469,57.22,6.57,9475,B
SA0511,55.41,2.23,76.75,0,70.59,17508.99,0.4526,-0.8329,87.67,3.44,2787,A
SA0059,59.95,5.24,75.83,3,98.5,18067.84,0.7789,-0.1392,70.3,7.41,4442,A
SA0475,50.27,7.42,67.36,2,93.39,14128.76,0.0335,0.037,72.12,7.93,4950,A
SA0561,58.19,6.49,86.18,0,69.68,24508.63,0.524,-1.0966,68.43,6.18,5671,A
SB0257,74.51,12.2,88.45,5,40.09,26926.23,0.7829,0.116,58.64,8.42,9046,B
SB0148,72.66,5.98,90.98,3,75.71,32693.81,0.2356,0.568,76.48,7.07,5172,B
SA0253,66.05,7.19,78.25,0,67.3,14961.38,0.0353,-0.078,66.57,4.48,1825,A
SA0022,65.45,6.02,92.58,3,58.35,13094.44,0.2599,-0.4353,60.27,6.5,8699,A
SA0314,65.17,5.89,78.6,0,98.34,,0.151,-0.4698,55.29,5.7,3049,A
SA0460,77.2,8.37,76.2,3,84.25,20859.04,0.6039,0.4461,59.18,5.27,9731,A
SA0161,40.62,7.09,59.17,1,47.3,19654.06,0.3033,0.5995,75.36,4.79,2311,A
SA0277,54.42,5.26,65.07,2,61.79,14545.65,0.5261,-0.9199,73.85,7.02,4548,A
SC0056,95.06,16.17,89.34,10,32.21,25945.27,0.6836,0.733,21.82,8.15,4491,C
SA0192,64.32,7.54,74.17,0,51.24,19508.08,0.6908,0.6177,84.32,7.39,6111,A
SA0386,60.93,10.07,70.49,2,,19009.81,0.1405,1.5377,79.47,4.97,7470,A
SB0206,73.33,11.88,84.72,1,54.67,34332.7,0.8823,0.3514,,6.5,6074,B
SA0414,62.93,5.37,78.32,3,64.97,16835.54,0.2218,-0.0065,58.8,6.29,5698,A
SA0492,46.51,7.54,,2,80.46,15898.44,0.7242,-0.5164,78.2,,4820,A
SA0344,46.17,6.4,70.57,6,65.58,17612.4,0.7001,-0.8276,68.61,6.57,4493,A
SB0170,60.89,7.47,82.18,6,49.56,23750.38,0.2724,-0.3209,53.41,5.57,8363,B
SA0309,60.03,7.8,65.38,3,74.54,14171.35,0.5027,1.2377,70.55,4.46,3075,A
SB0062,67.34,8.91,89.08,2,45.39,21733.01,0.8102,-0.8041,73.12,7.55,9606,B
SA0131,53.14,8.23,,0,73.94,12168.24,0.8537,-0.4481,71.45,6.89,9742,A
SB0064,65.58,9.58,82.94,5,31.16,26011.66,0.172,0.7808,51.95,6.83,8295,B
SB0272,72.49,8.53,78.36,1,46.32,,0.4352,-0.6668,40.98,8.75,4421,B
SA0100,65.65,4.86,67.84,3,54.9,21517.64,0.3058,-0.632,53.91,4.54,4598,A
SA0373,57.38,5.48,64.65,2,82.81,19294.44,0.0749,1.5483,51.08,7.33,8437,A
SA0088,55.54,4.38,82.75,1,89.96,13546.06,0.8302,0.2795,55.78,6.15,4413,A
SA0459,60.83,4.63,51.7,2,86.9,27603.51,0.5332,-1.0051,76.9,5.63,9698,A
SA0331,59.56,4.08,71.53,1,91.61,20253.47,0.5814,0.6875,73.69,5.16,9690,A
SA0215,64.56,4.89,73.1,3,63.17,16666.24,0.4019,-0.4126,73.39,5.8,9166,A
SA0467,59.66,3.81,74.99,4,52.23,14096.1,0.078,-1.0337,87.82,5.87,3793,A
SA0122,55.7,6.65,58.8,4,80.99,21999.27,0.91,-0.5021,82.61,7.23,5213,A
SB0015,58.6,13.59,78.63,4,49.79,28021.94,0.6711,-0.4525,77.11,7.14,9834,B
SA0021,38.13,5.75,77.48,2,71.45,13731.96,0.3927,0.3132,66.24,3.91,5541,A
SB0101,73.68,6.33,79.43,3,67.24,26042.36,,-0.4182,52.64,7.49,5918,B
SA0072,61.28,3.9,65.4,1,60.29,14834.14,0.9303,-0.9742,74.1,6.25,9702,A
SA0107,55.89,8.34,68.3,2,89.75,23827.04,0.5763,-0.079,78.91,6.11,3642,A
SA0271,66.78,8.96,71.21,2,76.84,23810.94,0.3545,-0.2376,66.39,7.12,5028,A
SB0261,82.87,10.45,84.72,4,62.51,34677.99,0.238,0.615,36.17,7.19,9622,B
SA0436,50.46,9.98,77.56,2,44.52,19164.4,0.4104,-0.5914,72.76,4.89,6727,A
SA0103,55.32,7.31,72.98,1,,13088.34,0.3532,0.2614,69.43,6.39,7854,A
